Date,Open,High,Low,Close,Adj Close,Volume
2006-09-12,0.150000,0.450000,0.150000,0.300000,0.300000,215000
2006-09-13,0.530000,0.750000,0.500000,0.580000,0.580000,140500
2006-09-14,0.630000,0.630000,0.630000,0.630000,0.630000,46200
2006-09-15,0.630000,0.630000,0.500000,0.530000,0.530000,15000
2006-09-18,0.530000,0.530000,0.530000,0.530000,0.530000,0
2006-09-19,0.530000,0.530000,0.530000,0.530000,0.530000,0
2006-09-20,0.530000,0.530000,0.530000,0.530000,0.530000,0
2006-09-21,0.530000,0.530000,0.530000,0.530000,0.530000,0
2006-09-22,0.530000,0.530000,0.530000,0.530000,0.530000,0
2006-09-25,0.530000,0.530000,0.530000,0.530000,0.530000,0
2006-09-26,0.530000,0.530000,0.530000,0.530000,0.530000,0
2006-09-27,0.650000,0.800000,0.550000,0.630000,0.630000,149700
2006-09-28,0.680000,0.680000,0.630000,0.650000,0.650000,77400
2006-09-29,0.700000,0.700000,0.630000,0.630000,0.630000,1200
2006-10-02,0.650000,0.750000,0.650000,0.700000,0.700000,40500
2006-10-03,0.750000,0.750000,0.700000,0.730000,0.730000,37600
2006-10-04,0.730000,0.730000,0.730000,0.730000,0.730000,0
2006-10-05,0.750000,0.750000,0.750000,0.750000,0.750000,15000
2006-10-06,0.750000,0.750000,0.750000,0.750000,0.750000,0
2006-10-09,0.750000,0.750000,0.750000,0.750000,0.750000,0
2006-10-10,0.700000,0.700000,0.700000,0.700000,0.700000,5100
2006-10-11,0.750000,0.750000,0.700000,0.700000,0.700000,7000
2006-10-12,0.750000,0.760000,0.750000,0.760000,0.760000,10000
2006-10-13,0.700000,0.720000,0.700000,0.710000,0.710000,32500
2006-10-16,0.750000,0.770000,0.750000,0.750000,0.750000,15500
2006-10-17,0.730000,0.750000,0.730000,0.730000,0.730000,19200
2006-10-18,0.740000,0.750000,0.700000,0.700000,0.700000,32500
2006-10-19,0.700000,0.700000,0.700000,0.700000,0.700000,0
2006-10-20,0.700000,0.700000,0.700000,0.700000,0.700000,0
2006-10-23,0.700000,0.700000,0.700000,0.700000,0.700000,3000
2006-10-24,0.650000,0.690000,0.650000,0.690000,0.690000,15000
2006-10-25,0.690000,0.690000,0.690000,0.690000,0.690000,0
2006-10-26,0.690000,0.700000,0.650000,0.650000,0.650000,23300
2006-10-27,0.650000,0.650000,0.650000,0.650000,0.650000,7900
2006-10-30,0.650000,0.650000,0.650000,0.650000,0.650000,0
2006-10-31,0.690000,0.690000,0.650000,0.650000,0.650000,9000
2006-11-01,0.600000,0.600000,0.600000,0.600000,0.600000,5000
2006-11-02,0.680000,0.740000,0.660000,0.720000,0.720000,38500
2006-11-03,0.850000,1.350000,0.700000,1.150000,1.150000,140500
2006-11-06,1.180000,1.290000,1.140000,1.250000,1.250000,92700
2006-11-07,1.250000,1.250000,1.200000,1.200000,1.200000,24000
2006-11-08,1.200000,1.200000,1.150000,1.150000,1.150000,26800
2006-11-09,1.160000,1.160000,1.150000,1.150000,1.150000,9200
2006-11-10,1.180000,1.290000,1.150000,1.290000,1.290000,24500
2006-11-13,1.350000,1.440000,1.320000,1.350000,1.350000,67500
2006-11-14,1.600000,2.050000,1.600000,1.900000,1.900000,41500
2006-11-15,1.950000,2.750000,1.920000,2.550000,2.550000,128500
2006-11-16,2.950000,2.950000,2.600000,2.650000,2.650000,71100
2006-11-17,2.300000,2.650000,1.800000,2.000000,2.000000,18500
2006-11-20,1.800000,2.200000,1.310000,2.150000,2.150000,19500
2006-11-21,2.250000,2.350000,2.000000,2.250000,2.250000,13100
2006-11-22,2.200000,2.250000,1.800000,2.000000,2.000000,18700
2006-11-24,1.860000,2.230000,1.860000,2.220000,2.220000,5100
2006-11-27,2.250000,2.250000,2.060000,2.070000,2.070000,17800
2006-11-28,2.100000,2.250000,2.070000,2.230000,2.230000,48500
2006-11-29,2.250000,2.300000,2.170000,2.250000,2.250000,26700
2006-11-30,2.260000,2.260000,1.950000,2.050000,2.050000,24800
2006-12-01,2.200000,2.200000,1.900000,2.030000,2.030000,22200
2006-12-04,2.040000,2.050000,1.800000,1.800000,1.800000,17500
2006-12-05,1.800000,2.140000,1.500000,2.000000,2.000000,52200
2006-12-06,2.020000,2.020000,2.000000,2.020000,2.020000,2800
2006-12-07,2.000000,2.050000,1.900000,1.900000,1.900000,33600
2006-12-08,1.900000,2.010000,1.900000,2.000000,2.000000,98200
2006-12-11,1.970000,1.970000,1.750000,1.750000,1.750000,5800
2006-12-12,1.950000,1.950000,1.950000,1.950000,1.950000,1500
2006-12-13,1.950000,2.000000,1.950000,1.970000,1.970000,6500
2006-12-14,1.970000,1.970000,1.900000,1.900000,1.900000,10500
2006-12-15,1.900000,1.900000,1.900000,1.900000,1.900000,11200
2006-12-18,1.810000,1.810000,1.810000,1.810000,1.810000,2000
2006-12-19,1.810000,1.810000,1.810000,1.810000,1.810000,0
2006-12-20,1.850000,1.850000,1.850000,1.850000,1.850000,200
2006-12-21,1.900000,1.900000,1.900000,1.900000,1.900000,3300
2006-12-22,1.900000,1.900000,1.900000,1.900000,1.900000,0
2006-12-26,1.900000,1.900000,1.900000,1.900000,1.900000,0
2006-12-27,1.950000,2.050000,1.900000,1.920000,1.920000,10500
2006-12-28,1.900000,1.900000,1.860000,1.860000,1.860000,5000
2006-12-29,1.860000,1.860000,1.860000,1.860000,1.860000,0
2007-01-03,1.910000,1.910000,1.860000,1.860000,1.860000,3500
2007-01-04,1.860000,1.860000,1.860000,1.860000,1.860000,0
2007-01-05,1.860000,1.920000,1.860000,1.900000,1.900000,11500
2007-01-08,1.920000,1.920000,1.750000,1.750000,1.750000,13000
2007-01-09,1.850000,1.920000,1.700000,1.850000,1.850000,14900
2007-01-10,1.850000,1.850000,1.850000,1.850000,1.850000,2000
2007-01-11,1.850000,1.850000,1.850000,1.850000,1.850000,2000
2007-01-12,1.900000,1.950000,1.850000,1.950000,1.950000,17400
2007-01-16,1.970000,2.050000,1.950000,2.050000,2.050000,103400
2007-01-17,2.100000,2.900000,2.100000,2.700000,2.700000,52700
2007-01-18,2.690000,2.740000,2.460000,2.700000,2.700000,42200
2007-01-19,2.720000,3.220000,2.700000,3.000000,3.000000,98400
2007-01-22,3.050000,3.100000,2.900000,3.000000,3.000000,51100
2007-01-23,3.050000,3.150000,3.000000,3.100000,3.100000,42400
2007-01-24,3.100000,3.250000,3.100000,3.100000,3.100000,27100
2007-01-25,3.150000,3.250000,3.120000,3.200000,3.200000,28900
2007-01-26,3.350000,3.550000,3.200000,3.550000,3.550000,89400
2007-01-29,3.750000,3.750000,3.600000,3.600000,3.600000,77400
2007-01-30,3.750000,4.000000,3.550000,3.550000,3.550000,23900
2007-01-31,3.850000,3.900000,3.650000,3.650000,3.650000,19700
2007-02-01,3.600000,3.650000,3.600000,3.650000,3.650000,1200
2007-02-02,3.650000,3.780000,3.600000,3.700000,3.700000,18900
2007-02-05,3.700000,3.700000,3.650000,3.700000,3.700000,6500
2007-02-06,3.650000,3.750000,3.650000,3.740000,3.740000,1700
2007-02-07,3.780000,3.800000,3.750000,3.800000,3.800000,12000
2007-02-08,3.850000,3.850000,3.750000,3.750000,3.750000,19300
2007-02-09,3.650000,3.650000,3.350000,3.600000,3.600000,7600
2007-02-12,3.500000,3.500000,3.000000,3.340000,3.340000,12200
2007-02-13,3.000000,3.100000,2.900000,3.000000,3.000000,20300
2007-02-14,3.050000,3.050000,3.000000,3.000000,3.000000,10700
2007-02-15,3.010000,3.050000,3.000000,3.050000,3.050000,19300
2007-02-16,3.050000,3.250000,3.050000,3.250000,3.250000,6000
2007-02-20,3.350000,3.350000,3.050000,3.100000,3.100000,9600
2007-02-21,3.100000,3.150000,3.100000,3.100000,3.100000,13000
2007-02-22,3.150000,3.150000,3.100000,3.150000,3.150000,3700
2007-02-23,3.070000,3.070000,3.070000,3.070000,3.070000,100
2007-02-26,3.150000,3.280000,3.100000,3.280000,3.280000,44000
2007-02-27,3.500000,3.500000,3.180000,3.200000,3.200000,11400
2007-02-28,3.200000,3.300000,3.200000,3.300000,3.300000,12100
2007-03-01,3.300000,3.300000,3.300000,3.300000,3.300000,200
2007-03-02,3.300000,3.300000,3.250000,3.250000,3.250000,7600
2007-03-05,3.200000,3.250000,3.160000,3.250000,3.250000,9000
2007-03-06,3.260000,3.270000,3.200000,3.200000,3.200000,10900
2007-03-07,3.200000,3.200000,3.100000,3.100000,3.100000,12200
2007-03-08,3.300000,3.300000,3.100000,3.100000,3.100000,7500
2007-03-09,3.130000,3.130000,3.100000,3.100000,3.100000,20500
2007-03-12,3.100000,3.100000,3.100000,3.100000,3.100000,3700
2007-03-13,3.100000,3.110000,3.000000,3.000000,3.000000,27200
2007-03-14,2.900000,3.000000,2.900000,3.000000,3.000000,600
2007-03-15,3.000000,3.000000,3.000000,3.000000,3.000000,5800
2007-03-16,3.000000,3.000000,3.000000,3.000000,3.000000,0
2007-03-19,3.000000,3.000000,2.900000,2.950000,2.950000,31300
2007-03-20,2.950000,2.950000,2.950000,2.950000,2.950000,0
2007-03-21,2.980000,2.980000,2.980000,2.980000,2.980000,2700
2007-03-22,3.000000,3.000000,3.000000,3.000000,3.000000,100
2007-03-23,3.000000,3.000000,3.000000,3.000000,3.000000,0
2007-03-26,3.000000,3.000000,3.000000,3.000000,3.000000,0
2007-03-27,3.000000,3.000000,3.000000,3.000000,3.000000,1500
2007-03-28,3.050000,3.100000,2.950000,3.000000,3.000000,31300
2007-03-29,3.000000,3.000000,3.000000,3.000000,3.000000,0
2007-03-30,2.980000,3.000000,2.980000,3.000000,3.000000,400
2007-04-02,3.000000,3.000000,3.000000,3.000000,3.000000,1800
2007-04-03,3.000000,3.000000,3.000000,3.000000,3.000000,0
2007-04-04,3.000000,3.000000,3.000000,3.000000,3.000000,0
2007-04-05,3.000000,3.000000,3.000000,3.000000,3.000000,0
2007-04-09,2.850000,3.030000,2.850000,3.030000,3.030000,200
2007-04-10,3.030000,3.030000,3.030000,3.030000,3.030000,0
2007-04-11,3.000000,3.000000,3.000000,3.000000,3.000000,400
2007-04-12,2.950000,3.000000,2.950000,3.000000,3.000000,2500
2007-04-13,2.950000,2.950000,2.950000,2.950000,2.950000,1000
2007-04-16,2.850000,2.850000,2.850000,2.850000,2.850000,2800
2007-04-17,2.800000,2.800000,2.800000,2.800000,2.800000,2800
2007-04-18,2.800000,2.800000,2.800000,2.800000,2.800000,500
2007-04-19,2.750000,2.800000,2.500000,2.800000,2.800000,21600
2007-04-20,2.800000,2.800000,2.800000,2.800000,2.800000,0
2007-04-23,2.650000,2.700000,2.650000,2.650000,2.650000,7500
2007-04-24,2.490000,3.050000,2.450000,2.750000,2.750000,67200
2007-04-25,2.900000,3.050000,2.900000,2.900000,2.900000,5300
2007-04-26,2.900000,2.900000,2.900000,2.900000,2.900000,0
2007-04-27,3.050000,3.050000,3.000000,3.000000,3.000000,4300
2007-04-30,3.050000,3.050000,3.000000,3.000000,3.000000,5400
2007-05-01,3.000000,3.000000,3.000000,3.000000,3.000000,2200
2007-05-02,2.950000,3.000000,2.950000,3.000000,3.000000,6200
2007-05-03,3.000000,3.100000,2.950000,2.950000,2.950000,32000
2007-05-04,2.950000,3.000000,2.950000,3.000000,3.000000,3500
2007-05-07,3.000000,3.000000,2.950000,3.000000,3.000000,17900
2007-05-08,2.950000,2.950000,2.950000,2.950000,2.950000,500
2007-05-09,2.950000,3.150000,2.950000,3.150000,3.150000,64300
2007-05-10,3.200000,3.400000,3.200000,3.400000,3.400000,31400
2007-05-11,3.350000,3.450000,3.350000,3.400000,3.400000,85100
2007-05-14,3.450000,3.450000,3.400000,3.400000,3.400000,9300
2007-05-15,3.400000,3.570000,3.400000,3.500000,3.500000,21400
2007-05-16,3.740000,3.740000,3.500000,3.500000,3.500000,25900
2007-05-17,3.360000,3.550000,3.360000,3.380000,3.380000,29600
2007-05-18,3.400000,3.450000,3.400000,3.400000,3.400000,8000
2007-05-21,3.600000,3.600000,3.500000,3.500000,3.500000,3400
2007-05-22,3.500000,3.500000,3.350000,3.350000,3.350000,4600
2007-05-23,3.300000,3.300000,3.300000,3.300000,3.300000,2500
2007-05-24,3.200000,3.200000,3.200000,3.200000,3.200000,4200
2007-05-25,3.100000,3.100000,3.050000,3.050000,3.050000,2500
2007-05-29,3.500000,3.500000,3.050000,3.350000,3.350000,2500
2007-05-30,3.300000,3.300000,3.050000,3.060000,3.060000,3200
2007-05-31,3.200000,3.200000,3.050000,3.200000,3.200000,3500
2007-06-01,3.150000,3.150000,3.100000,3.100000,3.100000,5700
2007-06-04,3.140000,3.150000,3.030000,3.050000,3.050000,13500
2007-06-05,2.950000,3.050000,2.950000,3.050000,3.050000,2000
2007-06-06,3.050000,3.050000,3.050000,3.050000,3.050000,2000
2007-06-07,2.950000,3.000000,2.950000,2.950000,2.950000,5600
2007-06-08,2.950000,2.990000,2.900000,2.900000,2.900000,6000
2007-06-11,3.070000,3.070000,3.000000,3.000000,3.000000,3200
2007-06-12,2.950000,3.000000,2.950000,3.000000,3.000000,1500
2007-06-13,3.050000,3.050000,3.050000,3.050000,3.050000,1200
2007-06-14,3.050000,3.050000,3.050000,3.050000,3.050000,500
2007-06-15,3.070000,3.070000,3.000000,3.000000,3.000000,4900
2007-06-18,3.070000,3.100000,3.020000,3.080000,3.080000,106700
2007-06-19,3.060000,3.140000,3.060000,3.100000,3.100000,88500
2007-06-20,3.150000,3.300000,3.150000,3.150000,3.150000,3000
2007-06-21,3.300000,3.300000,3.080000,3.080000,3.080000,30300
2007-06-22,3.070000,3.100000,3.070000,3.100000,3.100000,9500
2007-06-25,3.150000,3.280000,3.150000,3.150000,3.150000,18100
2007-06-26,3.280000,3.280000,3.140000,3.140000,3.140000,64600
2007-06-27,3.280000,3.280000,3.100000,3.150000,3.150000,5600
2007-06-28,3.170000,3.200000,3.130000,3.150000,3.150000,28200
2007-06-29,3.130000,3.170000,3.130000,3.150000,3.150000,13600
2007-07-02,3.280000,3.280000,3.150000,3.150000,3.150000,9400
2007-07-03,3.150000,3.150000,3.150000,3.150000,3.150000,6000
2007-07-05,3.150000,3.150000,3.100000,3.110000,3.110000,52100
2007-07-06,3.140000,3.280000,3.130000,3.130000,3.130000,13000
2007-07-09,3.120000,3.140000,3.000000,3.050000,3.050000,24200
2007-07-10,3.250000,3.250000,3.140000,3.140000,3.140000,8500
2007-07-11,3.140000,3.140000,3.140000,3.140000,3.140000,0
2007-07-12,3.140000,3.140000,3.140000,3.140000,3.140000,0
2007-07-13,3.140000,3.140000,3.140000,3.140000,3.140000,0
2007-07-16,3.100000,3.100000,3.040000,3.050000,3.050000,19500
2007-07-17,3.100000,3.100000,2.900000,3.100000,3.100000,19200
2007-07-18,3.150000,3.150000,3.150000,3.150000,3.150000,7900
2007-07-19,3.050000,3.150000,3.050000,3.150000,3.150000,2900
2007-07-20,3.000000,3.000000,3.000000,3.000000,3.000000,2500
2007-07-23,3.000000,3.000000,3.000000,3.000000,3.000000,0
2007-07-24,3.000000,3.000000,2.900000,3.000000,3.000000,15700
2007-07-25,3.000000,3.000000,3.000000,3.000000,3.000000,0
2007-07-26,2.900000,3.000000,2.900000,2.900000,2.900000,3500
2007-07-27,2.800000,2.800000,2.600000,2.750000,2.750000,4400
2007-07-30,2.750000,2.750000,2.750000,2.750000,2.750000,0
2007-07-31,2.350000,2.500000,2.300000,2.300000,2.300000,2100
2007-08-01,2.250000,2.250000,2.250000,2.250000,2.250000,1000
2007-08-02,2.500000,2.800000,2.500000,2.800000,2.800000,1500
2007-08-03,2.500000,2.500000,2.500000,2.500000,2.500000,1000
2007-08-06,2.500000,2.500000,2.500000,2.500000,2.500000,0
2007-08-07,2.500000,2.500000,2.250000,2.250000,2.250000,12300
2007-08-08,2.290000,2.790000,2.250000,2.250000,2.250000,8200
2007-08-09,2.250000,2.250000,1.250000,2.000000,2.000000,34000
2007-08-10,2.100000,2.200000,2.100000,2.200000,2.200000,2500
2007-08-13,2.200000,2.200000,2.200000,2.200000,2.200000,0
2007-08-14,2.100000,2.100000,2.000000,2.000000,2.000000,5900
2007-08-15,2.000000,2.010000,2.000000,2.000000,2.000000,33000
2007-08-16,2.000000,2.000000,2.000000,2.000000,2.000000,2000
2007-08-17,2.000000,2.000000,2.000000,2.000000,2.000000,10500
2007-08-20,2.000000,2.100000,2.000000,2.000000,2.000000,15000
2007-08-21,2.000000,2.000000,2.000000,2.000000,2.000000,0
2007-08-22,2.000000,2.100000,2.000000,2.100000,2.100000,7500
2007-08-23,2.100000,2.100000,2.100000,2.100000,2.100000,0
2007-08-24,2.100000,2.100000,2.100000,2.100000,2.100000,0
2007-08-27,2.100000,2.100000,2.100000,2.100000,2.100000,0
2007-08-28,2.160000,2.160000,2.000000,2.000000,2.000000,2000
2007-08-29,2.000000,2.000000,2.000000,2.000000,2.000000,0
2007-08-30,2.000000,2.000000,2.000000,2.000000,2.000000,1000
2007-08-31,2.050000,2.050000,2.000000,2.000000,2.000000,13000
2007-09-04,1.990000,1.990000,1.950000,1.950000,1.950000,3200
2007-09-05,1.950000,1.950000,1.950000,1.950000,1.950000,0
2007-09-06,1.940000,1.940000,1.940000,1.940000,1.940000,1500
2007-09-07,1.940000,1.940000,1.940000,1.940000,1.940000,0
2007-09-10,1.940000,1.940000,1.940000,1.940000,1.940000,0
2007-09-11,1.940000,1.940000,1.940000,1.940000,1.940000,0
2007-09-12,1.940000,1.940000,1.940000,1.940000,1.940000,0
2007-09-13,1.940000,1.940000,1.940000,1.940000,1.940000,0
2007-09-14,1.940000,1.940000,1.940000,1.940000,1.940000,0
2007-09-17,1.940000,1.940000,1.940000,1.940000,1.940000,0
2007-09-18,1.940000,1.940000,1.940000,1.940000,1.940000,0
2007-09-19,1.700000,1.700000,1.700000,1.700000,1.700000,1000
2007-09-20,1.700000,1.700000,1.700000,1.700000,1.700000,500
2007-09-21,1.930000,1.930000,1.650000,1.650000,1.650000,3100
2007-09-24,1.650000,1.700000,1.650000,1.700000,1.700000,30400
2007-09-25,1.650000,1.650000,1.650000,1.650000,1.650000,18000
2007-09-26,1.650000,1.650000,1.650000,1.650000,1.650000,8000
2007-09-27,1.650000,1.650000,1.650000,1.650000,1.650000,0
2007-09-28,1.600000,1.600000,1.600000,1.600000,1.600000,7800
2007-10-01,1.550000,1.550000,1.500000,1.500000,1.500000,16500
2007-10-02,1.500000,1.500000,1.500000,1.500000,1.500000,500
2007-10-03,1.450000,1.450000,1.450000,1.450000,1.450000,500
2007-10-04,1.480000,1.480000,1.450000,1.450000,1.450000,7700
2007-10-05,1.400000,1.400000,1.200000,1.200000,1.200000,3800
2007-10-08,1.250000,1.300000,1.250000,1.300000,1.300000,1300
2007-10-09,1.290000,1.300000,1.290000,1.300000,1.300000,2000
2007-10-10,1.200000,1.200000,1.150000,1.200000,1.200000,2000
2007-10-11,1.200000,1.300000,1.200000,1.200000,1.200000,12600
2007-10-12,1.200000,1.200000,1.200000,1.200000,1.200000,8000
2007-10-15,1.200000,1.200000,1.200000,1.200000,1.200000,0
2007-10-16,1.200000,1.300000,1.200000,1.220000,1.220000,21500
2007-10-17,1.250000,1.250000,1.220000,1.240000,1.240000,18700
2007-10-18,1.250000,1.550000,1.250000,1.540000,1.540000,45500
2007-10-19,1.530000,1.530000,1.530000,1.530000,1.530000,5500
2007-10-22,1.500000,1.500000,1.300000,1.450000,1.450000,14000
2007-10-23,1.450000,1.450000,1.450000,1.450000,1.450000,0
2007-10-24,1.350000,1.350000,1.300000,1.300000,1.300000,2100
2007-10-25,1.250000,1.250000,1.150000,1.200000,1.200000,22800
2007-10-26,1.200000,1.200000,1.200000,1.200000,1.200000,10000
2007-10-29,1.200000,1.450000,1.200000,1.400000,1.400000,29000
2007-10-30,1.300000,1.320000,1.210000,1.210000,1.210000,35100
2007-10-31,1.200000,1.250000,1.150000,1.250000,1.250000,58200
2007-11-01,1.300000,1.300000,1.300000,1.300000,1.300000,3500
2007-11-02,1.350000,1.350000,1.300000,1.300000,1.300000,13600
2007-11-05,1.300000,1.300000,1.300000,1.300000,1.300000,0
2007-11-06,1.400000,1.450000,1.400000,1.450000,1.450000,8200
2007-11-07,1.460000,1.500000,1.460000,1.500000,1.500000,1500
2007-11-08,1.460000,1.470000,1.460000,1.460000,1.460000,3500
2007-11-09,1.460000,1.460000,1.250000,1.250000,1.250000,12800
2007-11-12,1.500000,1.500000,1.460000,1.500000,1.500000,8500
2007-11-13,1.500000,1.500000,1.500000,1.500000,1.500000,0
2007-11-14,1.400000,1.400000,1.400000,1.400000,1.400000,3000
2007-11-15,1.400000,1.500000,1.400000,1.400000,1.400000,12500
2007-11-16,1.400000,1.400000,1.400000,1.400000,1.400000,0
2007-11-19,1.500000,1.500000,1.450000,1.450000,1.450000,15700
2007-11-20,1.400000,1.400000,1.360000,1.360000,1.360000,16000
2007-11-21,1.360000,1.360000,1.200000,1.200000,1.200000,53200
2007-11-23,1.250000,1.250000,1.250000,1.250000,1.250000,76000
2007-11-26,1.380000,1.400000,1.380000,1.400000,1.400000,1300
2007-11-27,1.200000,1.250000,1.200000,1.250000,1.250000,14500
2007-11-28,1.230000,1.250000,1.230000,1.250000,1.250000,1400
2007-11-29,1.250000,1.250000,1.230000,1.250000,1.250000,7600
2007-11-30,1.250000,1.250000,1.250000,1.250000,1.250000,0
2007-12-03,1.250000,1.250000,1.250000,1.250000,1.250000,11000
2007-12-04,1.250000,1.250000,1.250000,1.250000,1.250000,1700
2007-12-05,1.300000,1.300000,1.300000,1.300000,1.300000,1500
2007-12-06,1.300000,1.350000,1.300000,1.300000,1.300000,27600
2007-12-07,1.300000,1.300000,1.230000,1.250000,1.250000,13600
2007-12-10,1.250000,1.250000,1.250000,1.250000,1.250000,34300
2007-12-11,1.260000,1.260000,1.230000,1.250000,1.250000,76200
2007-12-12,1.220000,1.220000,1.060000,1.100000,1.100000,16700
2007-12-13,1.100000,1.100000,1.100000,1.100000,1.100000,0
2007-12-14,1.250000,1.250000,1.180000,1.180000,1.180000,4800
2007-12-17,1.150000,1.260000,1.150000,1.180000,1.180000,14700
2007-12-18,1.190000,1.230000,1.180000,1.180000,1.180000,298800
2007-12-19,1.200000,1.250000,1.200000,1.230000,1.230000,25800
2007-12-20,1.230000,1.400000,1.230000,1.300000,1.300000,17700
2007-12-21,1.300000,1.300000,1.260000,1.300000,1.300000,7800
2007-12-24,1.350000,1.350000,1.350000,1.350000,1.350000,3000
2007-12-26,1.390000,1.400000,1.390000,1.400000,1.400000,3000
2007-12-27,1.700000,1.700000,1.550000,1.550000,1.550000,1600
2007-12-28,1.700000,1.800000,1.700000,1.800000,1.800000,1500
2007-12-31,1.940000,2.200000,1.900000,2.100000,2.100000,10600
2008-01-02,2.180000,2.180000,1.950000,1.950000,1.950000,4000
2008-01-03,1.950000,1.950000,1.950000,1.950000,1.950000,0
2008-01-04,1.950000,1.950000,1.950000,1.950000,1.950000,0
2008-01-07,1.950000,1.950000,1.950000,1.950000,1.950000,0
2008-01-08,2.000000,2.000000,2.000000,2.000000,2.000000,3500
2008-01-09,1.950000,1.950000,1.950000,1.950000,1.950000,500
2008-01-10,1.700000,1.700000,1.500000,1.500000,1.500000,13400
2008-01-11,1.660000,1.660000,1.660000,1.660000,1.660000,300
2008-01-14,1.650000,1.700000,1.650000,1.700000,1.700000,9200
2008-01-15,1.700000,1.700000,1.650000,1.650000,1.650000,20400
2008-01-16,1.650000,1.650000,1.650000,1.650000,1.650000,0
2008-01-17,1.650000,1.650000,1.650000,1.650000,1.650000,0
2008-01-18,1.650000,1.650000,1.650000,1.650000,1.650000,0
2008-01-22,1.400000,1.400000,1.400000,1.400000,1.400000,1500
2008-01-23,1.500000,1.500000,1.500000,1.500000,1.500000,100
2008-01-24,1.500000,1.500000,1.500000,1.500000,1.500000,1100
2008-01-25,1.500000,1.500000,1.500000,1.500000,1.500000,0
2008-01-28,1.250000,1.260000,1.250000,1.260000,1.260000,42400
2008-01-29,1.350000,1.350000,1.350000,1.350000,1.350000,7800
2008-01-30,1.350000,1.350000,1.350000,1.350000,1.350000,0
2008-01-31,1.250000,1.250000,1.250000,1.250000,1.250000,4500
2008-02-01,1.250000,1.250000,1.250000,1.250000,1.250000,0
2008-02-04,1.250000,1.250000,1.250000,1.250000,1.250000,0
2008-02-05,1.250000,1.250000,1.250000,1.250000,1.250000,0
2008-02-06,1.250000,1.250000,1.250000,1.250000,1.250000,0
2008-02-07,1.400000,1.400000,1.400000,1.400000,1.400000,3000
2008-02-08,1.500000,1.500000,1.500000,1.500000,1.500000,100
2008-02-11,1.500000,1.500000,1.500000,1.500000,1.500000,0
2008-02-12,1.500000,1.500000,1.500000,1.500000,1.500000,0
2008-02-13,1.500000,1.500000,1.500000,1.500000,1.500000,0
2008-02-14,1.500000,1.500000,1.500000,1.500000,1.500000,0
2008-02-15,1.500000,1.500000,1.500000,1.500000,1.500000,0
2008-02-19,1.500000,1.600000,1.500000,1.600000,1.600000,3600
2008-02-20,1.300000,1.400000,1.300000,1.400000,1.400000,3000
2008-02-21,1.500000,1.510000,1.500000,1.500000,1.500000,7500
2008-02-22,1.400000,1.400000,1.400000,1.400000,1.400000,500
2008-02-25,1.400000,1.400000,1.400000,1.400000,1.400000,500
2008-02-26,1.400000,1.400000,1.400000,1.400000,1.400000,0
2008-02-27,1.400000,1.400000,1.400000,1.400000,1.400000,0
2008-02-28,1.400000,1.400000,1.400000,1.400000,1.400000,0
2008-02-29,1.400000,1.400000,1.400000,1.400000,1.400000,0
2008-03-03,1.400000,1.400000,1.400000,1.400000,1.400000,2000
2008-03-04,1.400000,1.400000,1.400000,1.400000,1.400000,0
2008-03-05,1.400000,1.400000,1.400000,1.400000,1.400000,0
2008-03-06,1.400000,1.400000,1.400000,1.400000,1.400000,6000
2008-03-07,1.400000,1.400000,1.200000,1.200000,1.200000,4000
2008-03-10,1.200000,1.200000,1.050000,1.200000,1.200000,9500
2008-03-11,1.200000,1.200000,1.050000,1.200000,1.200000,13500
2008-03-12,1.200000,1.200000,1.200000,1.200000,1.200000,3500
2008-03-13,1.250000,1.280000,1.200000,1.280000,1.280000,4200
2008-03-14,1.280000,1.380000,1.280000,1.380000,1.380000,2700
2008-03-17,1.380000,1.380000,1.380000,1.380000,1.380000,200
2008-03-18,1.380000,1.380000,1.380000,1.380000,1.380000,0
2008-03-19,1.100000,1.260000,1.100000,1.260000,1.260000,1300
2008-03-20,1.380000,1.380000,1.350000,1.380000,1.380000,4000
2008-03-24,1.380000,1.510000,1.380000,1.500000,1.500000,18000
2008-03-25,1.470000,1.470000,1.400000,1.400000,1.400000,3800
2008-03-26,1.310000,1.400000,1.310000,1.400000,1.400000,7500
2008-03-27,1.310000,1.350000,1.300000,1.340000,1.340000,113000
2008-03-28,1.400000,1.400000,1.400000,1.400000,1.400000,8500
2008-03-31,1.400000,1.400000,1.400000,1.400000,1.400000,26500
2008-04-01,1.400000,1.400000,1.400000,1.400000,1.400000,0
2008-04-02,1.400000,1.400000,1.400000,1.400000,1.400000,5600
2008-04-03,1.400000,1.400000,1.400000,1.400000,1.400000,3500
2008-04-04,1.290000,1.290000,1.240000,1.240000,1.240000,7900
2008-04-07,1.430000,1.500000,1.410000,1.410000,1.410000,6500
2008-04-08,1.600000,1.600000,1.600000,1.600000,1.600000,300
2008-04-09,1.410000,1.410000,1.400000,1.400000,1.400000,5000
2008-04-10,1.500000,1.500000,1.500000,1.500000,1.500000,800
2008-04-11,1.500000,1.500000,1.500000,1.500000,1.500000,0
2008-04-14,1.500000,1.500000,1.500000,1.500000,1.500000,0
2008-04-15,1.500000,1.500000,1.500000,1.500000,1.500000,0
2008-04-16,1.600000,1.600000,1.600000,1.600000,1.600000,200
2008-04-17,1.600000,1.600000,1.600000,1.600000,1.600000,0
2008-04-18,1.600000,1.600000,1.600000,1.600000,1.600000,200
2008-04-21,1.600000,1.600000,1.600000,1.600000,1.600000,0
2008-04-22,1.480000,1.550000,1.480000,1.550000,1.550000,3100
2008-04-23,1.550000,1.550000,1.550000,1.550000,1.550000,10600
2008-04-24,1.550000,1.550000,1.550000,1.550000,1.550000,1000
2008-04-25,1.550000,1.550000,1.550000,1.550000,1.550000,0
2008-04-28,1.550000,1.550000,1.500000,1.500000,1.500000,3500
2008-04-29,1.500000,1.500000,1.300000,1.300000,1.300000,1800
2008-04-30,1.530000,1.530000,1.500000,1.500000,1.500000,1000
2008-05-01,1.500000,1.500000,1.500000,1.500000,1.500000,2900
2008-05-02,1.600000,1.600000,1.600000,1.600000,1.600000,100
2008-05-05,1.600000,1.600000,1.600000,1.600000,1.600000,5000
2008-05-06,1.550000,1.600000,1.550000,1.600000,1.600000,2000
2008-05-07,1.510000,1.800000,1.510000,1.800000,1.800000,2700
2008-05-08,1.800000,2.100000,1.800000,1.910000,1.910000,20100
2008-05-09,2.300000,2.800000,2.300000,2.450000,2.450000,78800
2008-05-12,2.500000,2.550000,2.200000,2.500000,2.500000,31400
2008-05-13,2.500000,2.500000,2.310000,2.450000,2.450000,14300
2008-05-14,2.450000,2.500000,2.440000,2.500000,2.500000,41000
2008-05-15,2.450000,2.450000,2.150000,2.300000,2.300000,47500
2008-05-16,2.300000,2.300000,2.250000,2.300000,2.300000,2700
2008-05-19,2.250000,2.250000,2.200000,2.200000,2.200000,5000
2008-05-20,2.050000,2.300000,2.050000,2.300000,2.300000,2100
2008-05-21,2.300000,2.300000,2.120000,2.120000,2.120000,7700
2008-05-22,2.300000,2.300000,2.200000,2.200000,2.200000,2300
2008-05-23,2.200000,2.440000,2.200000,2.400000,2.400000,13500
2008-05-27,2.400000,2.400000,2.100000,2.200000,2.200000,17400
2008-05-28,2.170000,2.170000,2.170000,2.170000,2.170000,3200
2008-05-29,2.200000,2.550000,2.200000,2.500000,2.500000,22100
2008-05-30,2.350000,2.550000,2.350000,2.500000,2.500000,70400
2008-06-02,2.460000,2.460000,2.460000,2.460000,2.460000,1000
2008-06-03,2.450000,2.450000,2.200000,2.200000,2.200000,6000
2008-06-04,2.300000,2.300000,2.300000,2.300000,2.300000,1000
2008-06-05,2.300000,2.510000,2.300000,2.510000,2.510000,11000
2008-06-06,2.500000,2.500000,2.400000,2.400000,2.400000,3300
2008-06-09,2.380000,2.380000,2.280000,2.350000,2.350000,2800
2008-06-10,2.280000,2.280000,2.250000,2.250000,2.250000,4800
2008-06-11,2.210000,2.210000,2.150000,2.150000,2.150000,1700
2008-06-12,2.120000,2.150000,2.120000,2.150000,2.150000,9500
2008-06-13,2.150000,2.150000,2.150000,2.150000,2.150000,1200
2008-06-16,2.150000,2.210000,2.120000,2.200000,2.200000,6900
2008-06-17,2.250000,2.300000,2.250000,2.300000,2.300000,1200
2008-06-18,2.300000,2.300000,2.250000,2.250000,2.250000,3000
2008-06-19,2.300000,2.300000,2.250000,2.250000,2.250000,8300
2008-06-20,2.250000,2.250000,2.250000,2.250000,2.250000,1400
2008-06-23,2.250000,2.300000,2.210000,2.210000,2.210000,8200
2008-06-24,2.210000,2.250000,2.200000,2.200000,2.200000,7900
2008-06-25,2.200000,2.200000,2.200000,2.200000,2.200000,3500
2008-06-26,2.200000,2.200000,2.030000,2.030000,2.030000,8800
2008-06-27,2.020000,2.020000,1.800000,1.800000,1.800000,22600
2008-06-30,1.550000,1.550000,1.540000,1.540000,1.540000,6200
2008-07-01,1.800000,2.000000,1.800000,2.000000,2.000000,4800
2008-07-02,2.150000,2.200000,2.150000,2.200000,2.200000,13200
2008-07-03,2.200000,2.200000,2.200000,2.200000,2.200000,500
2008-07-07,2.190000,2.190000,2.190000,2.190000,2.190000,900
2008-07-08,2.190000,2.190000,2.190000,2.190000,2.190000,0
2008-07-09,1.900000,1.900000,1.900000,1.900000,1.900000,3800
2008-07-10,1.850000,1.850000,1.800000,1.800000,1.800000,8000
2008-07-11,1.750000,1.750000,1.600000,1.650000,1.650000,7000
2008-07-14,1.650000,1.650000,1.650000,1.650000,1.650000,200
2008-07-15,1.800000,1.800000,1.800000,1.800000,1.800000,7500
2008-07-16,1.890000,2.050000,1.890000,2.050000,2.050000,21700
2008-07-17,2.000000,2.000000,1.800000,1.800000,1.800000,11800
2008-07-18,1.850000,1.850000,1.700000,1.700000,1.700000,15700
2008-07-21,1.700000,1.700000,1.650000,1.650000,1.650000,27300
2008-07-22,1.600000,1.650000,1.600000,1.600000,1.600000,12000
2008-07-23,1.600000,1.600000,1.600000,1.600000,1.600000,0
2008-07-24,1.800000,1.900000,1.800000,1.900000,1.900000,5000
2008-07-25,1.900000,1.900000,1.900000,1.900000,1.900000,0
2008-07-28,1.650000,1.650000,1.650000,1.650000,1.650000,13000
2008-07-29,1.650000,1.650000,1.650000,1.650000,1.650000,0
2008-07-30,1.600000,1.600000,1.600000,1.600000,1.600000,6500
2008-07-31,1.600000,1.600000,1.600000,1.600000,1.600000,200
2008-08-01,1.600000,1.600000,1.600000,1.600000,1.600000,700
2008-08-04,1.600000,1.600000,1.600000,1.600000,1.600000,0
2008-08-05,1.550000,1.550000,1.500000,1.500000,1.500000,1500
2008-08-06,1.500000,1.500000,1.500000,1.500000,1.500000,0
2008-08-07,1.450000,1.450000,1.400000,1.400000,1.400000,4500
2008-08-08,1.300000,1.550000,1.300000,1.550000,1.550000,12500
2008-08-11,1.550000,1.550000,1.550000,1.550000,1.550000,0
2008-08-12,1.550000,1.550000,1.550000,1.550000,1.550000,0
2008-08-13,1.550000,1.550000,1.550000,1.550000,1.550000,0
2008-08-14,1.500000,1.550000,1.500000,1.550000,1.550000,4800
2008-08-15,1.550000,1.550000,1.550000,1.550000,1.550000,3200
2008-08-18,1.450000,1.450000,1.250000,1.250000,1.250000,6800
2008-08-19,1.250000,1.250000,1.250000,1.250000,1.250000,0
2008-08-20,1.250000,1.250000,1.250000,1.250000,1.250000,2300
2008-08-21,1.250000,1.250000,1.250000,1.250000,1.250000,0
2008-08-22,1.200000,1.250000,1.200000,1.250000,1.250000,3600
2008-08-25,1.250000,1.250000,1.200000,1.200000,1.200000,800
2008-08-26,1.110000,1.110000,1.100000,1.100000,1.100000,1900
2008-08-27,1.490000,1.490000,1.490000,1.490000,1.490000,2700
2008-08-28,1.110000,1.150000,1.110000,1.150000,1.150000,200
2008-08-29,1.150000,1.150000,1.150000,1.150000,1.150000,0
2008-09-02,1.250000,1.250000,1.250000,1.250000,1.250000,4000
2008-09-03,1.100000,1.100000,1.100000,1.100000,1.100000,3200
2008-09-04,1.050000,1.050000,0.950000,0.950000,0.950000,8900
2008-09-05,0.950000,0.950000,0.950000,0.950000,0.950000,500
2008-09-08,1.000000,1.010000,1.000000,1.010000,1.010000,3000
2008-09-09,1.010000,1.010000,1.010000,1.010000,1.010000,1500
2008-09-10,1.000000,1.000000,0.870000,0.870000,0.870000,7500
2008-09-11,1.000000,1.000000,1.000000,1.000000,1.000000,7200
2008-09-12,1.000000,1.000000,1.000000,1.000000,1.000000,0
2008-09-15,0.910000,0.910000,0.900000,0.900000,0.900000,7000
2008-09-16,0.900000,0.990000,0.900000,0.990000,0.990000,9000
2008-09-17,0.990000,0.990000,0.990000,0.990000,0.990000,0
2008-09-18,0.990000,0.990000,0.990000,0.990000,0.990000,0
2008-09-19,0.900000,0.950000,0.900000,0.950000,0.950000,2000
2008-09-22,0.900000,0.950000,0.900000,0.950000,0.950000,2900
2008-09-23,0.990000,0.990000,0.990000,0.990000,0.990000,1000
2008-09-24,0.990000,0.990000,0.990000,0.990000,0.990000,0
2008-09-25,0.990000,0.990000,0.990000,0.990000,0.990000,0
2008-09-26,0.750000,0.750000,0.750000,0.750000,0.750000,1000
2008-09-29,0.750000,0.750000,0.750000,0.750000,0.750000,0
2008-09-30,1.000000,1.000000,0.800000,0.800000,0.800000,6000
2008-10-01,0.800000,0.800000,0.800000,0.800000,0.800000,1600
2008-10-02,0.800000,0.800000,0.800000,0.800000,0.800000,0
2008-10-03,1.000000,1.000000,0.800000,1.000000,1.000000,2200
2008-10-06,0.950000,0.950000,0.670000,0.670000,0.670000,22900
2008-10-07,0.670000,0.670000,0.670000,0.670000,0.670000,400
2008-10-08,0.670000,0.670000,0.670000,0.670000,0.670000,1000
2008-10-09,0.670000,0.670000,0.670000,0.670000,0.670000,0
2008-10-10,0.670000,0.750000,0.650000,0.650000,0.650000,29100
2008-10-13,0.570000,0.570000,0.570000,0.570000,0.570000,2500
2008-10-14,0.560000,0.560000,0.400000,0.400000,0.400000,32500
2008-10-15,0.470000,0.470000,0.470000,0.470000,0.470000,1000
2008-10-16,0.470000,0.470000,0.470000,0.470000,0.470000,0
2008-10-17,0.470000,0.470000,0.400000,0.420000,0.420000,13800
2008-10-20,0.350000,0.350000,0.350000,0.350000,0.350000,42600
2008-10-21,0.400000,0.420000,0.400000,0.400000,0.400000,7400
2008-10-22,0.400000,0.400000,0.400000,0.400000,0.400000,0
2008-10-23,0.500000,0.660000,0.470000,0.600000,0.600000,64100
2008-10-24,0.700000,0.700000,0.700000,0.700000,0.700000,10000
2008-10-27,0.650000,0.650000,0.430000,0.430000,0.430000,21200
2008-10-28,0.430000,0.430000,0.430000,0.430000,0.430000,6700
2008-10-29,0.430000,0.430000,0.430000,0.430000,0.430000,0
2008-10-30,0.430000,0.430000,0.430000,0.430000,0.430000,0
2008-10-31,0.430000,0.430000,0.430000,0.430000,0.430000,0
2008-11-03,0.430000,0.430000,0.430000,0.430000,0.430000,0
2008-11-04,0.430000,0.430000,0.430000,0.430000,0.430000,0
2008-11-05,0.430000,0.430000,0.430000,0.430000,0.430000,0
2008-11-06,0.400000,0.400000,0.320000,0.320000,0.320000,34000
2008-11-07,0.320000,0.320000,0.320000,0.320000,0.320000,0
2008-11-10,0.320000,0.320000,0.320000,0.320000,0.320000,0
2008-11-11,0.320000,0.320000,0.320000,0.320000,0.320000,0
2008-11-12,0.320000,0.320000,0.320000,0.320000,0.320000,0
2008-11-13,0.320000,0.320000,0.320000,0.320000,0.320000,0
2008-11-14,0.320000,0.320000,0.320000,0.320000,0.320000,0
2008-11-17,0.320000,0.320000,0.320000,0.320000,0.320000,0
2008-11-18,0.310000,0.320000,0.300000,0.300000,0.300000,15000
2008-11-19,0.330000,0.330000,0.330000,0.330000,0.330000,3000
2008-11-20,0.310000,0.310000,0.300000,0.310000,0.310000,23000
2008-11-21,0.310000,0.310000,0.310000,0.310000,0.310000,0
2008-11-24,0.310000,0.310000,0.310000,0.310000,0.310000,0
2008-11-25,0.310000,0.310000,0.310000,0.310000,0.310000,0
2008-11-26,0.310000,0.310000,0.310000,0.310000,0.310000,0
2008-11-28,0.310000,0.310000,0.310000,0.310000,0.310000,0
2008-12-01,0.310000,0.310000,0.310000,0.310000,0.310000,0
2008-12-02,0.310000,0.310000,0.310000,0.310000,0.310000,0
2008-12-03,0.310000,0.310000,0.310000,0.310000,0.310000,8000
2008-12-04,0.310000,0.310000,0.310000,0.310000,0.310000,0
2008-12-05,0.310000,0.310000,0.310000,0.310000,0.310000,0
2008-12-08,0.320000,0.350000,0.300000,0.350000,0.350000,56400
2008-12-09,0.350000,0.350000,0.350000,0.350000,0.350000,2300
2008-12-10,0.380000,0.380000,0.350000,0.350000,0.350000,62300
2008-12-11,0.330000,0.330000,0.320000,0.320000,0.320000,8000
2008-12-12,0.350000,0.350000,0.320000,0.320000,0.320000,27000
2008-12-15,0.320000,0.350000,0.320000,0.350000,0.350000,20000
2008-12-16,0.320000,0.320000,0.320000,0.320000,0.320000,200
2008-12-17,0.320000,0.320000,0.320000,0.320000,0.320000,600000
2008-12-18,0.320000,0.360000,0.320000,0.360000,0.360000,1900
2008-12-19,0.360000,0.360000,0.360000,0.360000,0.360000,1800
2008-12-22,0.400000,0.400000,0.400000,0.400000,0.400000,6600
2008-12-23,0.440000,0.470000,0.440000,0.470000,0.470000,18200
2008-12-24,0.470000,0.500000,0.470000,0.500000,0.500000,5000
2008-12-26,0.620000,0.620000,0.620000,0.620000,0.620000,1800
2008-12-29,0.510000,0.600000,0.510000,0.600000,0.600000,3700
2008-12-30,0.600000,0.600000,0.600000,0.600000,0.600000,0
2008-12-31,0.600000,0.600000,0.600000,0.600000,0.600000,0
2009-01-02,0.600000,0.700000,0.600000,0.700000,0.700000,21000
2009-01-05,0.800000,0.800000,0.800000,0.800000,0.800000,6200
2009-01-06,0.800000,0.900000,0.750000,0.810000,0.810000,10700
2009-01-07,0.800000,0.850000,0.800000,0.800000,0.800000,10000
2009-01-08,0.800000,0.800000,0.800000,0.800000,0.800000,0
2009-01-09,0.800000,0.800000,0.800000,0.800000,0.800000,5700
2009-01-12,0.550000,0.610000,0.550000,0.610000,0.610000,6400
2009-01-13,0.610000,0.610000,0.610000,0.610000,0.610000,0
2009-01-14,0.610000,0.610000,0.610000,0.610000,0.610000,0
2009-01-15,0.610000,0.610000,0.610000,0.610000,0.610000,0
2009-01-16,0.610000,0.610000,0.610000,0.610000,0.610000,0
2009-01-20,0.700000,0.700000,0.700000,0.700000,0.700000,5000
2009-01-21,0.750000,0.750000,0.700000,0.700000,0.700000,5600
2009-01-22,0.700000,0.700000,0.700000,0.700000,0.700000,0
2009-01-23,0.700000,0.700000,0.700000,0.700000,0.700000,0
2009-01-26,0.700000,0.700000,0.700000,0.700000,0.700000,0
2009-01-27,0.700000,0.700000,0.700000,0.700000,0.700000,0
2009-01-28,0.700000,0.700000,0.700000,0.700000,0.700000,0
2009-01-29,0.690000,0.690000,0.690000,0.690000,0.690000,2300
2009-01-30,0.510000,0.510000,0.510000,0.510000,0.510000,4200
2009-02-02,0.620000,0.620000,0.550000,0.620000,0.620000,15400
2009-02-03,0.450000,0.450000,0.450000,0.450000,0.450000,300000
2009-02-04,0.450000,0.450000,0.450000,0.450000,0.450000,0
2009-02-05,0.600000,0.600000,0.600000,0.600000,0.600000,6500
2009-02-06,0.600000,0.600000,0.600000,0.600000,0.600000,0
2009-02-09,0.600000,0.600000,0.600000,0.600000,0.600000,2100
2009-02-10,0.600000,0.600000,0.600000,0.600000,0.600000,0
2009-02-11,0.600000,0.650000,0.600000,0.650000,0.650000,20000
2009-02-12,0.650000,0.650000,0.650000,0.650000,0.650000,12500
2009-02-13,0.650000,0.650000,0.650000,0.650000,0.650000,2500
2009-02-17,0.650000,0.650000,0.650000,0.650000,0.650000,0
2009-02-18,0.650000,0.650000,0.650000,0.650000,0.650000,17700
2009-02-19,0.650000,0.650000,0.650000,0.650000,0.650000,0
2009-02-20,0.620000,0.670000,0.620000,0.670000,0.670000,4400
2009-02-23,0.670000,0.670000,0.670000,0.670000,0.670000,0
2009-02-24,0.620000,0.620000,0.600000,0.600000,0.600000,9500
2009-02-25,0.600000,0.600000,0.600000,0.600000,0.600000,0
2009-02-26,0.600000,0.600000,0.600000,0.600000,0.600000,0
2009-02-27,0.600000,0.600000,0.600000,0.600000,0.600000,0
2009-03-02,0.600000,0.600000,0.600000,0.600000,0.600000,0
2009-03-03,0.600000,0.600000,0.600000,0.600000,0.600000,0
2009-03-04,0.600000,0.600000,0.600000,0.600000,0.600000,0
2009-03-05,0.550000,0.550000,0.550000,0.550000,0.550000,2100
2009-03-06,0.550000,0.550000,0.550000,0.550000,0.550000,200
2009-03-09,0.410000,0.410000,0.410000,0.410000,0.410000,9500
2009-03-10,0.410000,0.410000,0.410000,0.410000,0.410000,0
2009-03-11,0.410000,0.410000,0.410000,0.410000,0.410000,0
2009-03-12,0.410000,0.410000,0.410000,0.410000,0.410000,0
2009-03-13,0.410000,0.410000,0.410000,0.410000,0.410000,0
2009-03-16,0.410000,0.410000,0.410000,0.410000,0.410000,0
2009-03-17,0.410000,0.410000,0.410000,0.410000,0.410000,0
2009-03-18,0.410000,0.410000,0.410000,0.410000,0.410000,0
2009-03-19,0.410000,0.410000,0.410000,0.410000,0.410000,0
2009-03-20,0.410000,0.410000,0.410000,0.410000,0.410000,0
2009-03-23,0.410000,0.410000,0.410000,0.410000,0.410000,0
2009-03-24,0.410000,0.410000,0.410000,0.410000,0.410000,0
2009-03-25,0.400000,0.400000,0.400000,0.400000,0.400000,4500
2009-03-26,0.400000,0.400000,0.400000,0.400000,0.400000,0
2009-03-27,0.400000,0.400000,0.400000,0.400000,0.400000,0
2009-03-30,0.400000,0.400000,0.400000,0.400000,0.400000,0
2009-03-31,0.400000,0.400000,0.400000,0.400000,0.400000,10000
2009-04-01,0.400000,0.400000,0.400000,0.400000,0.400000,0
2009-04-02,0.400000,0.400000,0.400000,0.400000,0.400000,0
2009-04-03,0.430000,0.490000,0.430000,0.490000,0.490000,11000
2009-04-06,0.400000,0.550000,0.400000,0.550000,0.550000,1000
2009-04-07,0.550000,0.550000,0.550000,0.550000,0.550000,0
2009-04-08,0.550000,0.550000,0.550000,0.550000,0.550000,0
2009-04-09,0.550000,0.550000,0.550000,0.550000,0.550000,0
2009-04-13,0.550000,0.550000,0.550000,0.550000,0.550000,10000
2009-04-14,0.400000,0.400000,0.400000,0.400000,0.400000,500
2009-04-15,0.400000,0.400000,0.400000,0.400000,0.400000,0
2009-04-16,0.410000,0.410000,0.410000,0.410000,0.410000,4800
2009-04-17,0.410000,0.410000,0.410000,0.410000,0.410000,0
2009-04-20,0.410000,0.410000,0.410000,0.410000,0.410000,0
2009-04-21,0.410000,0.410000,0.410000,0.410000,0.410000,0
2009-04-22,0.410000,0.410000,0.410000,0.410000,0.410000,0
2009-04-23,0.600000,0.600000,0.500000,0.500000,0.500000,15000
2009-04-24,0.500000,0.500000,0.500000,0.500000,0.500000,0
2009-04-27,0.400000,0.400000,0.390000,0.400000,0.400000,9500
2009-04-28,0.350000,0.350000,0.330000,0.330000,0.330000,41000
2009-04-29,0.330000,0.330000,0.330000,0.330000,0.330000,5000
2009-04-30,0.550000,0.550000,0.330000,0.550000,0.550000,2600
2009-05-01,0.550000,0.550000,0.550000,0.550000,0.550000,0
2009-05-04,0.550000,0.550000,0.550000,0.550000,0.550000,0
2009-05-05,0.550000,0.550000,0.550000,0.550000,0.550000,0
2009-05-06,0.550000,0.550000,0.550000,0.550000,0.550000,0
2009-05-07,0.550000,0.550000,0.550000,0.550000,0.550000,0
2009-05-08,0.550000,0.550000,0.550000,0.550000,0.550000,0
2009-05-11,0.550000,0.550000,0.550000,0.550000,0.550000,0
2009-05-12,0.550000,0.550000,0.550000,0.550000,0.550000,0
2009-05-13,0.480000,0.480000,0.250000,0.480000,0.480000,6400
2009-05-14,0.480000,0.480000,0.480000,0.480000,0.480000,0
2009-05-15,0.480000,0.480000,0.480000,0.480000,0.480000,0
2009-05-18,0.480000,0.480000,0.480000,0.480000,0.480000,0
2009-05-19,0.480000,0.480000,0.480000,0.480000,0.480000,0
2009-05-20,0.480000,0.480000,0.480000,0.480000,0.480000,0
2009-05-21,0.480000,0.480000,0.480000,0.480000,0.480000,0
2009-05-22,0.480000,0.480000,0.480000,0.480000,0.480000,0
2009-05-26,0.480000,0.480000,0.480000,0.480000,0.480000,0
2009-05-27,0.480000,0.480000,0.480000,0.480000,0.480000,0
2009-05-28,0.480000,0.480000,0.480000,0.480000,0.480000,0
2009-05-29,0.480000,0.480000,0.480000,0.480000,0.480000,0
2009-06-01,0.480000,0.480000,0.480000,0.480000,0.480000,0
2009-06-02,0.480000,0.480000,0.480000,0.480000,0.480000,0
2009-06-03,0.480000,0.480000,0.480000,0.480000,0.480000,0
2009-06-04,0.480000,0.480000,0.480000,0.480000,0.480000,0
2009-06-05,0.480000,0.480000,0.480000,0.480000,0.480000,0
2009-06-08,0.480000,0.480000,0.480000,0.480000,0.480000,0
2009-06-09,0.480000,0.480000,0.470000,0.470000,0.470000,9000
2009-06-10,0.470000,0.470000,0.470000,0.470000,0.470000,0
2009-06-11,0.470000,0.470000,0.470000,0.470000,0.470000,0
2009-06-12,0.470000,0.470000,0.470000,0.470000,0.470000,0
2009-06-15,0.470000,0.470000,0.470000,0.470000,0.470000,0
2009-06-16,0.470000,0.480000,0.470000,0.480000,0.480000,15500
2009-06-17,0.250000,0.250000,0.250000,0.250000,0.250000,200
2009-06-18,0.400000,0.540000,0.400000,0.540000,0.540000,2900
2009-06-19,0.540000,0.540000,0.540000,0.540000,0.540000,0
2009-06-22,0.550000,0.550000,0.550000,0.550000,0.550000,2000
2009-06-23,0.550000,0.550000,0.550000,0.550000,0.550000,0
2009-06-24,0.550000,0.550000,0.550000,0.550000,0.550000,0
2009-06-25,0.550000,0.550000,0.550000,0.550000,0.550000,0
2009-06-26,0.550000,0.550000,0.550000,0.550000,0.550000,0
2009-06-29,0.550000,0.550000,0.550000,0.550000,0.550000,0
2009-06-30,0.200000,0.200000,0.200000,0.200000,0.200000,700
2009-07-01,0.200000,0.200000,0.200000,0.200000,0.200000,0
2009-07-02,0.250000,0.250000,0.250000,0.250000,0.250000,1200
2009-07-06,0.250000,0.250000,0.250000,0.250000,0.250000,15200
2009-07-07,0.510000,0.550000,0.510000,0.550000,0.550000,6000
2009-07-08,0.550000,0.550000,0.550000,0.550000,0.550000,0
2009-07-09,0.550000,0.910000,0.550000,0.910000,0.910000,7000
2009-07-10,0.910000,0.910000,0.910000,0.910000,0.910000,0
2009-07-13,0.260000,0.260000,0.260000,0.260000,0.260000,2200
2009-07-14,0.260000,0.260000,0.260000,0.260000,0.260000,1000
2009-07-15,0.260000,0.260000,0.260000,0.260000,0.260000,0
2009-07-16,0.260000,0.260000,0.260000,0.260000,0.260000,0
2009-07-17,0.260000,0.260000,0.260000,0.260000,0.260000,0
2009-07-20,0.260000,0.260000,0.260000,0.260000,0.260000,0
2009-07-21,0.280000,0.280000,0.280000,0.280000,0.280000,2000
2009-07-22,0.280000,0.280000,0.280000,0.280000,0.280000,0
2009-07-23,0.280000,0.280000,0.280000,0.280000,0.280000,0
2009-07-24,0.260000,0.260000,0.260000,0.260000,0.260000,5000
2009-07-27,0.260000,0.260000,0.260000,0.260000,0.260000,0
2009-07-28,0.260000,0.260000,0.260000,0.260000,0.260000,0
2009-07-29,0.260000,0.260000,0.260000,0.260000,0.260000,0
2009-07-30,0.260000,0.260000,0.260000,0.260000,0.260000,0
2009-07-31,0.260000,0.260000,0.260000,0.260000,0.260000,0
2009-08-03,0.540000,0.540000,0.540000,0.540000,0.540000,2500
2009-08-04,0.260000,0.260000,0.250000,0.250000,0.250000,39200
2009-08-05,0.250000,0.250000,0.150000,0.150000,0.150000,26900
2009-08-06,0.200000,0.200000,0.200000,0.200000,0.200000,5000
2009-08-07,0.200000,0.200000,0.190000,0.190000,0.190000,118000
2009-08-10,0.200000,0.220000,0.200000,0.210000,0.210000,113700
2009-08-11,0.210000,0.210000,0.150000,0.170000,0.170000,194200
2009-08-12,0.160000,0.180000,0.160000,0.180000,0.180000,44100
2009-08-13,0.230000,0.230000,0.230000,0.230000,0.230000,10000
2009-08-14,0.230000,0.230000,0.230000,0.230000,0.230000,0
2009-08-17,0.230000,0.230000,0.230000,0.230000,0.230000,500
2009-08-18,0.200000,0.230000,0.200000,0.230000,0.230000,23000
2009-08-19,0.270000,0.270000,0.230000,0.250000,0.250000,30000
2009-08-20,0.320000,0.320000,0.260000,0.260000,0.260000,11200
2009-08-21,0.260000,0.260000,0.260000,0.260000,0.260000,0
2009-08-24,0.320000,0.320000,0.300000,0.300000,0.300000,2700
2009-08-25,0.350000,0.390000,0.350000,0.390000,0.390000,30000
2009-08-26,0.390000,0.390000,0.390000,0.390000,0.390000,0
2009-08-27,0.390000,0.390000,0.390000,0.390000,0.390000,0
2009-08-28,0.310000,0.420000,0.310000,0.420000,0.420000,3600
2009-08-31,0.370000,0.370000,0.350000,0.350000,0.350000,11100
2009-09-01,0.350000,0.350000,0.350000,0.350000,0.350000,0
2009-09-02,0.350000,0.350000,0.350000,0.350000,0.350000,0
2009-09-03,0.350000,0.350000,0.350000,0.350000,0.350000,0
2009-09-04,0.350000,0.350000,0.350000,0.350000,0.350000,0
2009-09-08,0.420000,0.420000,0.420000,0.420000,0.420000,3400
2009-09-09,0.300000,0.300000,0.300000,0.300000,0.300000,2300
2009-09-10,0.300000,0.300000,0.300000,0.300000,0.300000,0
2009-09-11,0.300000,0.300000,0.300000,0.300000,0.300000,0
2009-09-14,0.300000,0.300000,0.300000,0.300000,0.300000,0
2009-09-15,0.300000,0.300000,0.300000,0.300000,0.300000,0
2009-09-16,0.300000,0.300000,0.300000,0.300000,0.300000,0
2009-09-17,0.300000,0.300000,0.300000,0.300000,0.300000,0
2009-09-18,0.300000,0.300000,0.300000,0.300000,0.300000,0
2009-09-21,0.300000,0.300000,0.300000,0.300000,0.300000,0
2009-09-22,0.300000,0.300000,0.300000,0.300000,0.300000,0
2009-09-23,0.300000,0.300000,0.300000,0.300000,0.300000,0
2009-09-24,0.270000,0.270000,0.270000,0.270000,0.270000,300
2009-09-25,0.270000,0.270000,0.270000,0.270000,0.270000,0
2009-09-28,0.270000,0.270000,0.270000,0.270000,0.270000,0
2009-09-29,0.270000,0.270000,0.270000,0.270000,0.270000,0
2009-09-30,0.270000,0.270000,0.270000,0.270000,0.270000,0
2009-10-01,0.250000,0.250000,0.190000,0.190000,0.190000,10800
2009-10-02,0.190000,0.190000,0.190000,0.190000,0.190000,0
2009-10-05,0.190000,0.190000,0.190000,0.190000,0.190000,0
2009-10-06,0.400000,0.400000,0.200000,0.400000,0.400000,2000
2009-10-07,0.400000,0.400000,0.400000,0.400000,0.400000,0
2009-10-08,0.400000,0.400000,0.400000,0.400000,0.400000,0
2009-10-09,0.400000,0.400000,0.400000,0.400000,0.400000,0
2009-10-12,0.400000,0.400000,0.400000,0.400000,0.400000,0
2009-10-13,0.400000,0.400000,0.400000,0.400000,0.400000,0
2009-10-14,0.400000,0.400000,0.400000,0.400000,0.400000,0
2009-10-15,0.400000,0.400000,0.400000,0.400000,0.400000,0
2009-10-16,0.220000,0.220000,0.200000,0.200000,0.200000,17700
2009-10-19,0.350000,0.350000,0.110000,0.300000,0.300000,4600
2009-10-20,0.300000,0.300000,0.300000,0.300000,0.300000,0
2009-10-21,0.300000,0.300000,0.220000,0.290000,0.290000,1100
2009-10-22,0.300000,0.300000,0.300000,0.300000,0.300000,5000
2009-10-23,0.300000,0.300000,0.300000,0.300000,0.300000,0
2009-10-26,0.300000,0.300000,0.300000,0.300000,0.300000,0
2009-10-27,0.300000,0.300000,0.300000,0.300000,0.300000,0
2009-10-28,0.300000,0.300000,0.300000,0.300000,0.300000,0
2009-10-29,0.300000,0.300000,0.300000,0.300000,0.300000,0
2009-10-30,0.300000,0.300000,0.300000,0.300000,0.300000,12400
2009-11-02,0.320000,0.320000,0.200000,0.200000,0.200000,14700
2009-11-03,0.240000,0.400000,0.240000,0.300000,0.300000,9000
2009-11-04,0.350000,0.350000,0.350000,0.350000,0.350000,500
2009-11-05,0.350000,0.350000,0.350000,0.350000,0.350000,0
2009-11-06,0.350000,0.350000,0.350000,0.350000,0.350000,0
2009-11-09,0.350000,0.350000,0.350000,0.350000,0.350000,0
2009-11-10,0.150000,0.350000,0.150000,0.340000,0.340000,10800
2009-11-11,0.340000,0.340000,0.340000,0.340000,0.340000,0
2009-11-12,0.340000,0.340000,0.340000,0.340000,0.340000,0
2009-11-13,0.340000,0.340000,0.340000,0.340000,0.340000,0
2009-11-16,0.320000,0.320000,0.150000,0.320000,0.320000,4300
2009-11-17,0.310000,0.320000,0.150000,0.320000,0.320000,5500
2009-11-18,0.320000,0.320000,0.320000,0.320000,0.320000,0
2009-11-19,0.320000,0.320000,0.320000,0.320000,0.320000,0
2009-11-20,0.320000,0.320000,0.320000,0.320000,0.320000,0
2009-11-23,0.250000,0.310000,0.250000,0.280000,0.280000,17400
2009-11-24,0.280000,0.310000,0.280000,0.280000,0.280000,25600
2009-11-25,0.310000,0.310000,0.270000,0.270000,0.270000,9700
2009-11-27,0.300000,0.300000,0.280000,0.280000,0.280000,6500
2009-11-30,0.310000,0.310000,0.310000,0.310000,0.310000,2500
2009-12-01,0.300000,0.300000,0.300000,0.300000,0.300000,2700
2009-12-02,0.250000,0.300000,0.250000,0.300000,0.300000,14300
2009-12-03,0.200000,0.300000,0.200000,0.300000,0.300000,2300
2009-12-04,0.250000,0.300000,0.250000,0.250000,0.250000,10800
2009-12-07,0.240000,0.260000,0.240000,0.260000,0.260000,8000
2009-12-08,0.260000,0.260000,0.260000,0.260000,0.260000,0
2009-12-09,0.200000,0.330000,0.200000,0.250000,0.250000,74700
2009-12-10,0.280000,0.280000,0.280000,0.280000,0.280000,5000
2009-12-11,0.250000,0.280000,0.250000,0.280000,0.280000,17500
2009-12-14,0.320000,0.320000,0.320000,0.320000,0.320000,30800
2009-12-15,0.320000,0.340000,0.320000,0.340000,0.340000,10900
2009-12-16,0.310000,0.310000,0.310000,0.310000,0.310000,5000
2009-12-17,0.300000,0.300000,0.300000,0.300000,0.300000,28300
2009-12-18,0.250000,0.300000,0.250000,0.300000,0.300000,7400
2009-12-21,0.300000,0.300000,0.300000,0.300000,0.300000,5300
2009-12-22,0.250000,0.250000,0.250000,0.250000,0.250000,10000
2009-12-23,0.300000,0.300000,0.300000,0.300000,0.300000,1000
2009-12-24,0.300000,0.300000,0.300000,0.300000,0.300000,0
2009-12-28,0.300000,0.300000,0.300000,0.300000,0.300000,0
2009-12-29,0.300000,0.300000,0.300000,0.300000,0.300000,0
2009-12-30,0.250000,0.250000,0.250000,0.250000,0.250000,5000
2009-12-31,0.250000,0.250000,0.250000,0.250000,0.250000,0
2010-01-04,0.250000,0.250000,0.250000,0.250000,0.250000,0
2010-01-05,0.250000,0.250000,0.250000,0.250000,0.250000,0
2010-01-06,0.250000,0.250000,0.250000,0.250000,0.250000,0
2010-01-07,0.300000,0.300000,0.300000,0.300000,0.300000,1000
2010-01-08,0.210000,0.250000,0.210000,0.250000,0.250000,69400
2010-01-11,0.250000,0.250000,0.250000,0.250000,0.250000,27000
2010-01-12,0.230000,0.230000,0.230000,0.230000,0.230000,18000
2010-01-13,0.220000,0.220000,0.200000,0.200000,0.200000,43000
2010-01-14,0.200000,0.200000,0.200000,0.200000,0.200000,7000
2010-01-15,0.200000,0.200000,0.200000,0.200000,0.200000,10000
2010-01-19,0.300000,0.300000,0.260000,0.300000,0.300000,4400
2010-01-20,0.300000,0.300000,0.300000,0.300000,0.300000,0
2010-01-21,0.250000,0.250000,0.250000,0.250000,0.250000,27000
2010-01-22,0.250000,0.250000,0.250000,0.250000,0.250000,0
2010-01-25,0.280000,0.280000,0.280000,0.280000,0.280000,200
2010-01-26,0.280000,0.280000,0.280000,0.280000,0.280000,500
2010-01-27,0.280000,0.280000,0.280000,0.280000,0.280000,0
2010-01-28,0.280000,0.280000,0.280000,0.280000,0.280000,0
2010-01-29,0.280000,0.280000,0.280000,0.280000,0.280000,0
2010-02-01,0.250000,0.270000,0.250000,0.270000,0.270000,17900
2010-02-02,0.250000,0.250000,0.250000,0.250000,0.250000,10000
2010-02-03,0.250000,0.250000,0.250000,0.250000,0.250000,0
2010-02-04,0.250000,0.250000,0.250000,0.250000,0.250000,14000
2010-02-05,0.250000,0.250000,0.250000,0.250000,0.250000,0
2010-02-08,0.250000,0.290000,0.250000,0.260000,0.260000,16900
2010-02-09,0.260000,0.260000,0.260000,0.260000,0.260000,2500
2010-02-10,0.260000,0.260000,0.200000,0.200000,0.200000,5400
2010-02-11,0.260000,0.260000,0.260000,0.260000,0.260000,1000
2010-02-12,0.260000,0.260000,0.260000,0.260000,0.260000,0
2010-02-16,0.260000,0.260000,0.260000,0.260000,0.260000,0
2010-02-17,0.260000,0.260000,0.260000,0.260000,0.260000,0
2010-02-18,0.260000,0.260000,0.260000,0.260000,0.260000,0
2010-02-19,0.260000,0.260000,0.260000,0.260000,0.260000,0
2010-02-22,0.220000,0.220000,0.220000,0.220000,0.220000,8700
2010-02-23,0.220000,0.220000,0.220000,0.220000,0.220000,8000
2010-02-24,0.220000,0.220000,0.220000,0.220000,0.220000,80000
2010-02-25,0.220000,0.250000,0.220000,0.250000,0.250000,186500
2010-02-26,0.220000,0.220000,0.220000,0.220000,0.220000,5000
2010-03-01,0.240000,0.240000,0.220000,0.220000,0.220000,12500
2010-03-02,0.240000,0.240000,0.240000,0.240000,0.240000,1000
2010-03-03,0.200000,0.240000,0.200000,0.240000,0.240000,8000
2010-03-04,0.240000,0.240000,0.240000,0.240000,0.240000,8000
2010-03-05,0.240000,0.240000,0.230000,0.230000,0.230000,11000
2010-03-08,0.230000,0.240000,0.220000,0.220000,0.220000,16800
2010-03-09,0.240000,0.240000,0.240000,0.240000,0.240000,1000
2010-03-10,0.220000,0.220000,0.220000,0.220000,0.220000,9100
2010-03-11,0.220000,0.220000,0.220000,0.220000,0.220000,0
2010-03-12,0.220000,0.220000,0.220000,0.220000,0.220000,0
2010-03-15,0.220000,0.220000,0.220000,0.220000,0.220000,0
2010-03-16,0.220000,0.220000,0.220000,0.220000,0.220000,17300
2010-03-17,0.160000,0.230000,0.160000,0.230000,0.230000,21100
2010-03-18,0.220000,0.220000,0.220000,0.220000,0.220000,22000
2010-03-19,0.220000,0.220000,0.220000,0.220000,0.220000,0
2010-03-22,0.230000,0.230000,0.180000,0.230000,0.230000,65500
2010-03-23,0.230000,0.230000,0.230000,0.230000,0.230000,0
2010-03-24,0.230000,0.230000,0.230000,0.230000,0.230000,0
2010-03-25,0.230000,0.230000,0.230000,0.230000,0.230000,0
2010-03-26,0.230000,0.230000,0.230000,0.230000,0.230000,0
2010-03-29,0.230000,0.230000,0.230000,0.230000,0.230000,0
2010-03-30,0.200000,0.200000,0.200000,0.200000,0.200000,600
2010-03-31,0.200000,0.230000,0.200000,0.230000,0.230000,3500
2010-04-01,0.230000,0.230000,0.230000,0.230000,0.230000,0
2010-04-05,0.200000,0.200000,0.180000,0.180000,0.180000,12200
2010-04-06,0.180000,0.200000,0.170000,0.200000,0.200000,24300
2010-04-07,0.200000,0.200000,0.200000,0.200000,0.200000,0
2010-04-08,0.200000,0.200000,0.200000,0.200000,0.200000,0
2010-04-09,0.200000,0.200000,0.200000,0.200000,0.200000,0
2010-04-12,0.200000,0.200000,0.200000,0.200000,0.200000,0
2010-04-13,0.200000,0.200000,0.200000,0.200000,0.200000,0
2010-04-14,0.170000,0.170000,0.170000,0.170000,0.170000,3000
2010-04-15,0.200000,0.200000,0.200000,0.200000,0.200000,1500
2010-04-16,0.200000,0.200000,0.200000,0.200000,0.200000,0
2010-04-19,0.170000,0.200000,0.170000,0.170000,0.170000,3900
2010-04-20,0.200000,0.200000,0.200000,0.200000,0.200000,400
2010-04-21,0.200000,0.200000,0.200000,0.200000,0.200000,0
2010-04-22,0.170000,0.170000,0.170000,0.170000,0.170000,200
2010-04-23,0.170000,0.170000,0.170000,0.170000,0.170000,0
2010-04-26,0.200000,0.200000,0.200000,0.200000,0.200000,11400
2010-04-27,0.240000,0.240000,0.240000,0.240000,0.240000,1000
2010-04-28,0.240000,0.240000,0.240000,0.240000,0.240000,0
2010-04-29,0.250000,0.250000,0.210000,0.210000,0.210000,71800
2010-04-30,0.210000,0.210000,0.210000,0.210000,0.210000,0
2010-05-03,0.210000,0.210000,0.210000,0.210000,0.210000,15000
2010-05-04,0.210000,0.210000,0.210000,0.210000,0.210000,0
2010-05-05,0.200000,0.200000,0.200000,0.200000,0.200000,20000
2010-05-06,0.200000,0.200000,0.200000,0.200000,0.200000,2000
2010-05-07,0.200000,0.200000,0.180000,0.190000,0.190000,11000
2010-05-10,0.180000,0.180000,0.180000,0.180000,0.180000,663400
2010-05-11,0.200000,0.210000,0.200000,0.210000,0.210000,33700
2010-05-12,0.210000,0.210000,0.210000,0.210000,0.210000,3000
2010-05-13,0.240000,0.250000,0.240000,0.250000,0.250000,11200
2010-05-14,0.260000,0.290000,0.260000,0.290000,0.290000,3500
2010-05-17,0.300000,0.300000,0.300000,0.300000,0.300000,58500
2010-05-18,0.330000,0.330000,0.290000,0.290000,0.290000,15500
2010-05-19,0.290000,0.290000,0.290000,0.290000,0.290000,0
2010-05-20,0.290000,0.290000,0.290000,0.290000,0.290000,0
2010-05-21,0.270000,0.270000,0.230000,0.230000,0.230000,8000
2010-05-24,0.230000,0.230000,0.230000,0.230000,0.230000,0
2010-05-25,0.230000,0.230000,0.230000,0.230000,0.230000,0
2010-05-26,0.230000,0.230000,0.230000,0.230000,0.230000,0
2010-05-27,0.230000,0.230000,0.230000,0.230000,0.230000,1000
2010-05-28,0.240000,0.240000,0.240000,0.240000,0.240000,1000
2010-06-01,0.240000,0.240000,0.240000,0.240000,0.240000,0
2010-06-02,0.240000,0.240000,0.240000,0.240000,0.240000,0
2010-06-03,0.240000,0.240000,0.240000,0.240000,0.240000,0
2010-06-04,0.240000,0.240000,0.240000,0.240000,0.240000,0
2010-06-07,0.300000,0.300000,0.300000,0.300000,0.300000,500
2010-06-08,0.300000,0.300000,0.300000,0.300000,0.300000,19100
2010-06-09,0.300000,0.300000,0.300000,0.300000,0.300000,0
2010-06-10,0.920000,0.920000,0.920000,0.920000,0.920000,100
2010-06-11,0.210000,0.210000,0.210000,0.210000,0.210000,30000
2010-06-14,0.250000,0.260000,0.250000,0.260000,0.260000,2000
2010-06-15,0.260000,0.260000,0.260000,0.260000,0.260000,0
2010-06-16,0.260000,0.260000,0.260000,0.260000,0.260000,0
2010-06-17,0.260000,0.260000,0.260000,0.260000,0.260000,0
2010-06-18,0.600000,0.890000,0.600000,0.890000,0.890000,3500
2010-06-21,0.890000,0.890000,0.890000,0.890000,0.890000,0
2010-06-22,0.270000,0.270000,0.270000,0.270000,0.270000,1000
2010-06-23,0.270000,0.270000,0.270000,0.270000,0.270000,0
2010-06-24,0.270000,0.270000,0.270000,0.270000,0.270000,0
2010-06-25,0.270000,0.270000,0.270000,0.270000,0.270000,0
2010-06-28,0.270000,0.300000,0.250000,0.250000,0.250000,47300
2010-06-29,0.250000,0.250000,0.250000,0.250000,0.250000,10000
2010-06-30,0.220000,0.220000,0.220000,0.220000,0.220000,4500
2010-07-01,0.250000,0.250000,0.250000,0.250000,0.250000,4000
2010-07-02,0.250000,0.250000,0.250000,0.250000,0.250000,0
2010-07-06,0.250000,0.250000,0.240000,0.240000,0.240000,28800
2010-07-07,0.220000,0.220000,0.200000,0.200000,0.200000,46300
2010-07-08,0.200000,0.200000,0.200000,0.200000,0.200000,0
2010-07-09,0.220000,0.220000,0.220000,0.220000,0.220000,3000
2010-07-12,0.200000,0.200000,0.180000,0.180000,0.180000,68300
2010-07-13,0.180000,0.180000,0.180000,0.180000,0.180000,33600
2010-07-14,0.180000,0.180000,0.180000,0.180000,0.180000,0
2010-07-15,0.180000,0.180000,0.180000,0.180000,0.180000,0
2010-07-16,0.180000,0.180000,0.180000,0.180000,0.180000,0
2010-07-19,0.180000,0.180000,0.180000,0.180000,0.180000,0
2010-07-20,0.180000,0.180000,0.180000,0.180000,0.180000,0
2010-07-21,0.180000,0.180000,0.180000,0.180000,0.180000,0
2010-07-22,0.180000,0.180000,0.180000,0.180000,0.180000,0
2010-07-23,0.350000,0.350000,0.350000,0.350000,0.350000,500
2010-07-26,0.350000,0.350000,0.350000,0.350000,0.350000,0
2010-07-27,0.200000,0.200000,0.200000,0.200000,0.200000,5800
2010-07-28,0.200000,0.200000,0.200000,0.200000,0.200000,0
2010-07-29,0.200000,0.200000,0.200000,0.200000,0.200000,0
2010-07-30,0.200000,0.200000,0.200000,0.200000,0.200000,0
2010-08-02,0.200000,0.200000,0.200000,0.200000,0.200000,0
2010-08-03,0.210000,0.210000,0.210000,0.210000,0.210000,1400
2010-08-04,0.190000,0.210000,0.190000,0.210000,0.210000,1700
2010-08-05,0.200000,0.200000,0.200000,0.200000,0.200000,1700
2010-08-06,0.200000,0.200000,0.200000,0.200000,0.200000,0
2010-08-09,0.200000,0.200000,0.200000,0.200000,0.200000,0
2010-08-10,0.210000,0.210000,0.210000,0.210000,0.210000,9200
2010-08-11,0.210000,0.210000,0.210000,0.210000,0.210000,0
2010-08-12,0.220000,0.220000,0.220000,0.220000,0.220000,18000
2010-08-13,0.220000,0.220000,0.220000,0.220000,0.220000,11500
2010-08-16,0.220000,0.220000,0.220000,0.220000,0.220000,0
2010-08-17,0.220000,0.220000,0.220000,0.220000,0.220000,0
2010-08-18,0.230000,0.230000,0.230000,0.230000,0.230000,900
2010-08-19,0.260000,0.260000,0.260000,0.260000,0.260000,600
2010-08-20,0.260000,0.260000,0.260000,0.260000,0.260000,0
2010-08-23,0.280000,0.280000,0.280000,0.280000,0.280000,700
2010-08-24,0.280000,0.280000,0.280000,0.280000,0.280000,0
2010-08-25,0.280000,0.280000,0.280000,0.280000,0.280000,0
2010-08-26,0.280000,0.280000,0.280000,0.280000,0.280000,0
2010-08-27,0.280000,0.280000,0.280000,0.280000,0.280000,0
2010-08-30,0.280000,0.280000,0.280000,0.280000,0.280000,0
2010-08-31,0.280000,0.280000,0.280000,0.280000,0.280000,0
2010-09-01,0.250000,0.250000,0.250000,0.250000,0.250000,1000
2010-09-02,0.250000,0.250000,0.250000,0.250000,0.250000,0
2010-09-03,0.250000,0.250000,0.250000,0.250000,0.250000,0
2010-09-07,0.250000,0.250000,0.250000,0.250000,0.250000,0
2010-09-08,0.280000,0.280000,0.280000,0.280000,0.280000,10000
2010-09-09,0.280000,0.280000,0.280000,0.280000,0.280000,0
2010-09-10,0.280000,0.280000,0.280000,0.280000,0.280000,10500
2010-09-13,0.290000,0.290000,0.290000,0.290000,0.290000,300
2010-09-14,0.340000,0.350000,0.340000,0.350000,0.350000,5000
2010-09-15,0.300000,0.310000,0.300000,0.310000,0.310000,3000
2010-09-16,0.300000,0.300000,0.300000,0.300000,0.300000,1000
2010-09-17,0.300000,0.300000,0.300000,0.300000,0.300000,0
2010-09-20,0.300000,0.300000,0.300000,0.300000,0.300000,0
2010-09-21,0.300000,0.300000,0.300000,0.300000,0.300000,0
2010-09-22,0.330000,0.330000,0.330000,0.330000,0.330000,400
2010-09-23,0.330000,0.330000,0.330000,0.330000,0.330000,0
2010-09-24,0.320000,0.320000,0.250000,0.250000,0.250000,11900
2010-09-27,0.250000,0.250000,0.250000,0.250000,0.250000,0
2010-09-28,0.280000,0.280000,0.280000,0.280000,0.280000,1900
2010-09-29,0.280000,0.280000,0.280000,0.280000,0.280000,1000
2010-09-30,0.280000,0.280000,0.280000,0.280000,0.280000,0
2010-10-01,0.280000,0.280000,0.280000,0.280000,0.280000,0
2010-10-04,0.280000,0.280000,0.280000,0.280000,0.280000,0
2010-10-05,0.280000,0.280000,0.280000,0.280000,0.280000,0
2010-10-06,0.280000,0.280000,0.280000,0.280000,0.280000,0
2010-10-07,0.280000,0.280000,0.280000,0.280000,0.280000,0
2010-10-08,0.280000,0.280000,0.280000,0.280000,0.280000,0
2010-10-11,0.280000,0.280000,0.280000,0.280000,0.280000,0
2010-10-12,0.290000,0.290000,0.290000,0.290000,0.290000,2000
2010-10-13,0.290000,0.290000,0.290000,0.290000,0.290000,0
2010-10-14,0.290000,0.290000,0.290000,0.290000,0.290000,0
2010-10-15,0.290000,0.290000,0.290000,0.290000,0.290000,0
2010-10-18,0.320000,0.330000,0.320000,0.330000,0.330000,3000
2010-10-19,0.330000,0.340000,0.330000,0.330000,0.330000,17000
2010-10-20,0.340000,0.340000,0.340000,0.340000,0.340000,4500
2010-10-21,0.340000,0.340000,0.340000,0.340000,0.340000,0
2010-10-22,0.340000,0.340000,0.340000,0.340000,0.340000,0
2010-10-25,0.340000,0.340000,0.340000,0.340000,0.340000,0
2010-10-26,0.340000,0.340000,0.340000,0.340000,0.340000,0
2010-10-27,0.390000,0.500000,0.390000,0.410000,0.410000,16400
2010-10-28,0.410000,0.410000,0.410000,0.410000,0.410000,0
2010-10-29,0.410000,0.410000,0.410000,0.410000,0.410000,0
2010-11-01,0.410000,0.410000,0.410000,0.410000,0.410000,0
2010-11-02,0.410000,0.410000,0.410000,0.410000,0.410000,0
2010-11-03,0.310000,0.310000,0.310000,0.310000,0.310000,7600
2010-11-04,0.310000,0.310000,0.310000,0.310000,0.310000,0
2010-11-05,0.310000,0.310000,0.310000,0.310000,0.310000,0
2010-11-08,0.310000,0.310000,0.310000,0.310000,0.310000,0
2010-11-09,0.310000,0.310000,0.310000,0.310000,0.310000,0
2010-11-10,0.310000,0.310000,0.310000,0.310000,0.310000,0
2010-11-11,0.310000,0.310000,0.310000,0.310000,0.310000,0
2010-11-12,0.310000,0.310000,0.310000,0.310000,0.310000,0
2010-11-15,0.310000,0.310000,0.310000,0.310000,0.310000,0
2010-11-16,0.310000,0.310000,0.310000,0.310000,0.310000,1000
2010-11-17,0.310000,0.310000,0.310000,0.310000,0.310000,0
2010-11-18,0.310000,0.310000,0.310000,0.310000,0.310000,0
2010-11-19,0.310000,0.310000,0.310000,0.310000,0.310000,0
2010-11-22,0.310000,0.310000,0.310000,0.310000,0.310000,0
2010-11-23,0.310000,0.310000,0.310000,0.310000,0.310000,0
2010-11-24,0.310000,0.310000,0.310000,0.310000,0.310000,0
2010-11-26,0.310000,0.310000,0.310000,0.310000,0.310000,0
2010-11-29,0.320000,0.320000,0.310000,0.310000,0.310000,29000
2010-11-30,0.310000,0.310000,0.310000,0.310000,0.310000,0
2010-12-01,0.310000,0.310000,0.310000,0.310000,0.310000,0
2010-12-02,0.310000,0.310000,0.310000,0.310000,0.310000,0
2010-12-03,0.320000,0.320000,0.320000,0.320000,0.320000,6000
2010-12-06,0.320000,0.320000,0.300000,0.300000,0.300000,58300
2010-12-07,0.300000,0.300000,0.300000,0.300000,0.300000,0
2010-12-08,0.300000,0.300000,0.300000,0.300000,0.300000,0
2010-12-09,0.400000,0.400000,0.400000,0.400000,0.400000,5300
2010-12-10,0.200000,0.390000,0.200000,0.350000,0.350000,29600
2010-12-13,0.340000,0.390000,0.340000,0.340000,0.340000,36500
2010-12-14,0.350000,0.350000,0.350000,0.350000,0.350000,22000
2010-12-15,0.380000,0.410000,0.380000,0.410000,0.410000,19700
2010-12-16,0.410000,0.430000,0.410000,0.420000,0.420000,52000
2010-12-17,0.420000,0.420000,0.420000,0.420000,0.420000,0
2010-12-20,0.420000,0.420000,0.400000,0.400000,0.400000,36600
2010-12-21,0.400000,0.400000,0.400000,0.400000,0.400000,0
2010-12-22,0.400000,0.400000,0.400000,0.400000,0.400000,0
2010-12-23,0.400000,0.400000,0.400000,0.400000,0.400000,0
2010-12-27,0.400000,0.400000,0.400000,0.400000,0.400000,0
2010-12-28,0.400000,0.400000,0.400000,0.400000,0.400000,0
2010-12-29,0.420000,0.420000,0.420000,0.420000,0.420000,5000
2010-12-30,0.400000,0.400000,0.400000,0.400000,0.400000,1500
2010-12-31,0.400000,0.400000,0.400000,0.400000,0.400000,0
2011-01-03,0.410000,0.410000,0.410000,0.410000,0.410000,1300
2011-01-04,0.410000,0.410000,0.410000,0.410000,0.410000,36500
2011-01-05,0.410000,0.410000,0.410000,0.410000,0.410000,0
2011-01-06,0.410000,0.410000,0.410000,0.410000,0.410000,9000
2011-01-07,0.410000,0.410000,0.410000,0.410000,0.410000,0
2011-01-10,0.300000,0.300000,0.300000,0.300000,0.300000,10000
2011-01-11,0.300000,0.300000,0.300000,0.300000,0.300000,0
2011-01-12,0.300000,0.300000,0.300000,0.300000,0.300000,0
2011-01-13,0.300000,0.300000,0.300000,0.300000,0.300000,23000
2011-01-14,0.300000,0.300000,0.300000,0.300000,0.300000,600
2011-01-18,0.300000,0.300000,0.300000,0.300000,0.300000,0
2011-01-19,0.300000,0.300000,0.300000,0.300000,0.300000,0
2011-01-20,0.300000,0.300000,0.300000,0.300000,0.300000,0
2011-01-21,0.100000,0.300000,0.100000,0.300000,0.300000,5500
2011-01-24,0.300000,0.300000,0.300000,0.300000,0.300000,0
2011-01-25,0.300000,0.300000,0.300000,0.300000,0.300000,0
2011-01-26,0.150000,0.150000,0.150000,0.150000,0.150000,1500
2011-01-27,0.150000,0.150000,0.150000,0.150000,0.150000,0
2011-01-28,0.150000,0.150000,0.150000,0.150000,0.150000,0
2011-01-31,0.150000,0.150000,0.150000,0.150000,0.150000,0
2011-02-01,0.170000,0.200000,0.160000,0.200000,0.200000,27000
2011-02-02,0.200000,0.200000,0.200000,0.200000,0.200000,0
2011-02-03,0.200000,0.200000,0.200000,0.200000,0.200000,0
2011-02-04,0.200000,0.200000,0.200000,0.200000,0.200000,0
2011-02-07,0.220000,0.220000,0.220000,0.220000,0.220000,5000
2011-02-08,0.220000,0.220000,0.220000,0.220000,0.220000,0
2011-02-09,0.220000,0.220000,0.220000,0.220000,0.220000,0
2011-02-10,0.220000,0.220000,0.220000,0.220000,0.220000,0
2011-02-11,0.220000,0.220000,0.220000,0.220000,0.220000,0
2011-02-14,0.230000,0.230000,0.220000,0.220000,0.220000,12500
2011-02-15,0.220000,0.220000,0.220000,0.220000,0.220000,5000
2011-02-16,0.240000,0.240000,0.240000,0.240000,0.240000,3500
2011-02-17,0.240000,0.240000,0.240000,0.240000,0.240000,0
2011-02-18,0.240000,0.240000,0.240000,0.240000,0.240000,0
2011-02-22,0.240000,0.240000,0.240000,0.240000,0.240000,0
2011-02-23,0.250000,0.250000,0.250000,0.250000,0.250000,1000
2011-02-24,0.240000,0.250000,0.240000,0.250000,0.250000,5000
2011-02-25,0.250000,0.250000,0.250000,0.250000,0.250000,0
2011-02-28,0.250000,0.250000,0.250000,0.250000,0.250000,0
2011-03-01,0.250000,0.250000,0.250000,0.250000,0.250000,0
2011-03-02,0.250000,0.250000,0.250000,0.250000,0.250000,0
2011-03-03,0.250000,0.250000,0.250000,0.250000,0.250000,0
2011-03-04,0.250000,0.250000,0.250000,0.250000,0.250000,0
2011-03-07,0.180000,0.180000,0.180000,0.180000,0.180000,2000
2011-03-08,0.180000,0.180000,0.180000,0.180000,0.180000,0
2011-03-09,0.180000,0.180000,0.180000,0.180000,0.180000,0
2011-03-10,0.220000,0.220000,0.220000,0.220000,0.220000,3500
2011-03-11,0.220000,0.220000,0.220000,0.220000,0.220000,0
2011-03-14,0.240000,0.240000,0.240000,0.240000,0.240000,14800
2011-03-15,0.240000,0.240000,0.240000,0.240000,0.240000,10000
2011-03-16,0.240000,0.240000,0.240000,0.240000,0.240000,0
2011-03-17,0.240000,0.240000,0.240000,0.240000,0.240000,0
2011-03-18,0.240000,0.240000,0.240000,0.240000,0.240000,0
2011-03-21,0.240000,0.240000,0.240000,0.240000,0.240000,0
2011-03-22,0.240000,0.240000,0.240000,0.240000,0.240000,0
2011-03-23,0.240000,0.240000,0.240000,0.240000,0.240000,0
2011-03-24,0.240000,0.240000,0.240000,0.240000,0.240000,0
2011-03-25,0.240000,0.240000,0.240000,0.240000,0.240000,0
2011-03-28,0.220000,0.220000,0.210000,0.210000,0.210000,15100
2011-03-29,0.210000,0.210000,0.210000,0.210000,0.210000,0
2011-03-30,0.190000,0.190000,0.190000,0.190000,0.190000,7300
2011-03-31,0.190000,0.190000,0.190000,0.190000,0.190000,0
2011-04-01,0.190000,0.190000,0.190000,0.190000,0.190000,0
2011-04-04,0.190000,0.190000,0.190000,0.190000,0.190000,0
2011-04-05,0.190000,0.190000,0.190000,0.190000,0.190000,0
2011-04-06,0.190000,0.190000,0.190000,0.190000,0.190000,0
2011-04-07,0.200000,0.200000,0.200000,0.200000,0.200000,5000
2011-04-08,0.200000,0.200000,0.200000,0.200000,0.200000,0
2011-04-11,0.200000,0.200000,0.200000,0.200000,0.200000,0
2011-04-12,0.200000,0.200000,0.200000,0.200000,0.200000,10000
2011-04-13,0.140000,0.140000,0.140000,0.140000,0.140000,500
2011-04-14,0.200000,0.300000,0.200000,0.300000,0.300000,96000
2011-04-15,0.220000,0.220000,0.220000,0.220000,0.220000,5000
2011-04-18,0.220000,0.220000,0.220000,0.220000,0.220000,0
2011-04-19,0.220000,0.220000,0.220000,0.220000,0.220000,0
2011-04-20,0.220000,0.220000,0.220000,0.220000,0.220000,0
2011-04-21,0.220000,0.220000,0.220000,0.220000,0.220000,0
2011-04-25,0.220000,0.220000,0.220000,0.220000,0.220000,0
2011-04-26,0.220000,0.220000,0.220000,0.220000,0.220000,0
2011-04-27,0.220000,0.220000,0.220000,0.220000,0.220000,0
2011-04-28,0.250000,0.250000,0.250000,0.250000,0.250000,32000
2011-04-29,0.250000,0.250000,0.250000,0.250000,0.250000,0
2011-05-02,0.250000,0.250000,0.250000,0.250000,0.250000,0
2011-05-03,0.250000,0.250000,0.250000,0.250000,0.250000,0
2011-05-04,0.220000,0.220000,0.220000,0.220000,0.220000,2800
2011-05-05,0.220000,0.220000,0.220000,0.220000,0.220000,4900
2011-05-06,0.220000,0.220000,0.220000,0.220000,0.220000,0
2011-05-09,0.220000,0.220000,0.220000,0.220000,0.220000,0
2011-05-10,0.220000,0.220000,0.220000,0.220000,0.220000,0
2011-05-11,0.220000,0.220000,0.220000,0.220000,0.220000,0
2011-05-12,0.220000,0.220000,0.220000,0.220000,0.220000,0
2011-05-13,0.220000,0.220000,0.220000,0.220000,0.220000,0
2011-05-16,0.220000,0.220000,0.220000,0.220000,0.220000,0
2011-05-17,0.220000,0.220000,0.220000,0.220000,0.220000,0
2011-05-18,0.220000,0.220000,0.220000,0.220000,0.220000,0
2011-05-19,0.220000,0.220000,0.220000,0.220000,0.220000,0
2011-05-20,0.220000,0.220000,0.220000,0.220000,0.220000,1300
2011-05-23,0.220000,0.220000,0.220000,0.220000,0.220000,0
2011-05-24,0.220000,0.220000,0.220000,0.220000,0.220000,0
2011-05-25,0.220000,0.220000,0.220000,0.220000,0.220000,0
2011-05-26,0.220000,0.220000,0.220000,0.220000,0.220000,0
2011-05-27,0.230000,0.230000,0.180000,0.220000,0.220000,3200
2011-05-31,0.220000,0.220000,0.220000,0.220000,0.220000,0
2011-06-01,0.220000,0.220000,0.220000,0.220000,0.220000,0
2011-06-02,0.220000,0.220000,0.220000,0.220000,0.220000,0
2011-06-03,0.220000,0.220000,0.220000,0.220000,0.220000,0
2011-06-06,0.220000,0.220000,0.220000,0.220000,0.220000,0
2011-06-07,0.220000,0.220000,0.220000,0.220000,0.220000,0
2011-06-08,0.220000,0.220000,0.220000,0.220000,0.220000,0
2011-06-09,0.210000,0.210000,0.210000,0.210000,0.210000,2900
2011-06-10,0.210000,0.210000,0.210000,0.210000,0.210000,0
2011-06-13,0.210000,0.210000,0.210000,0.210000,0.210000,100
2011-06-14,0.210000,0.210000,0.210000,0.210000,0.210000,0
2011-06-15,0.210000,0.210000,0.210000,0.210000,0.210000,0
2011-06-16,0.210000,0.210000,0.210000,0.210000,0.210000,0
2011-06-17,0.210000,0.210000,0.210000,0.210000,0.210000,0
2011-06-20,0.250000,0.250000,0.250000,0.250000,0.250000,400
2011-06-21,0.250000,0.250000,0.250000,0.250000,0.250000,0
2011-06-22,0.250000,0.250000,0.250000,0.250000,0.250000,0
2011-06-23,0.250000,0.250000,0.250000,0.250000,0.250000,0
2011-06-24,0.250000,0.250000,0.250000,0.250000,0.250000,0
2011-06-27,0.250000,0.250000,0.250000,0.250000,0.250000,0
2011-06-28,0.300000,0.300000,0.210000,0.210000,0.210000,2200
2011-06-29,0.210000,0.210000,0.210000,0.210000,0.210000,0
2011-06-30,0.200000,0.200000,0.200000,0.200000,0.200000,500
2011-07-01,0.200000,0.200000,0.200000,0.200000,0.200000,0
2011-07-05,0.200000,0.200000,0.200000,0.200000,0.200000,0
2011-07-06,0.200000,0.200000,0.200000,0.200000,0.200000,0
2011-07-07,0.240000,0.240000,0.240000,0.240000,0.240000,1100
2011-07-08,0.240000,0.240000,0.240000,0.240000,0.240000,0
2011-07-11,0.240000,0.240000,0.240000,0.240000,0.240000,0
2011-07-12,0.240000,0.240000,0.240000,0.240000,0.240000,0
2011-07-13,0.200000,0.200000,0.200000,0.200000,0.200000,5000
2011-07-14,0.200000,0.200000,0.200000,0.200000,0.200000,0
2011-07-15,0.200000,0.200000,0.200000,0.200000,0.200000,0
2011-07-18,0.200000,0.200000,0.200000,0.200000,0.200000,0
2011-07-19,0.200000,0.200000,0.200000,0.200000,0.200000,0
2011-07-20,0.200000,0.200000,0.200000,0.200000,0.200000,0
2011-07-21,0.200000,0.200000,0.200000,0.200000,0.200000,0
2011-07-22,0.200000,0.200000,0.200000,0.200000,0.200000,0
2011-07-25,0.200000,0.200000,0.200000,0.200000,0.200000,0
2011-07-26,0.200000,0.200000,0.200000,0.200000,0.200000,0
2011-07-27,0.200000,0.200000,0.200000,0.200000,0.200000,0
2011-07-28,0.200000,0.200000,0.200000,0.200000,0.200000,0
2011-07-29,0.200000,0.200000,0.200000,0.200000,0.200000,0
2011-08-01,0.200000,0.200000,0.200000,0.200000,0.200000,0
2011-08-02,0.200000,0.200000,0.200000,0.200000,0.200000,0
2011-08-03,0.200000,0.200000,0.200000,0.200000,0.200000,0
2011-08-04,0.200000,0.200000,0.200000,0.200000,0.200000,0
2011-08-05,0.200000,0.200000,0.200000,0.200000,0.200000,0
2011-08-08,0.200000,0.200000,0.200000,0.200000,0.200000,0
2011-08-09,0.200000,0.200000,0.200000,0.200000,0.200000,0
2011-08-10,0.180000,0.180000,0.180000,0.180000,0.180000,1000
2011-08-11,0.180000,0.180000,0.180000,0.180000,0.180000,0
2011-08-12,0.180000,0.180000,0.180000,0.180000,0.180000,500
2011-08-15,0.180000,0.180000,0.180000,0.180000,0.180000,0
2011-08-16,0.180000,0.180000,0.180000,0.180000,0.180000,0
2011-08-17,0.180000,0.180000,0.180000,0.180000,0.180000,19500
2011-08-18,0.170000,0.170000,0.170000,0.170000,0.170000,3000
2011-08-19,0.170000,0.170000,0.170000,0.170000,0.170000,0
2011-08-22,0.170000,0.170000,0.170000,0.170000,0.170000,0
2011-08-23,0.170000,0.170000,0.170000,0.170000,0.170000,0
2011-08-24,0.170000,0.170000,0.170000,0.170000,0.170000,0
2011-08-25,0.170000,0.170000,0.170000,0.170000,0.170000,0
2011-08-26,0.170000,0.170000,0.170000,0.170000,0.170000,0
2011-08-29,0.100000,0.100000,0.050000,0.050000,0.050000,9000
2011-08-30,0.050000,0.050000,0.050000,0.050000,0.050000,0
2011-08-31,0.180000,0.240000,0.180000,0.240000,0.240000,30000
2011-09-01,0.240000,0.240000,0.240000,0.240000,0.240000,0
2011-09-02,0.100000,0.100000,0.100000,0.100000,0.100000,300900
2011-09-06,0.100000,0.100000,0.100000,0.100000,0.100000,0
2011-09-07,0.100000,0.100000,0.100000,0.100000,0.100000,0
2011-09-08,0.100000,0.100000,0.100000,0.100000,0.100000,0
2011-09-09,0.250000,0.250000,0.250000,0.250000,0.250000,200
2011-09-12,0.250000,0.250000,0.250000,0.250000,0.250000,0
2011-09-13,0.250000,0.250000,0.250000,0.250000,0.250000,0
2011-09-14,0.200000,0.200000,0.200000,0.200000,0.200000,2800
2011-09-15,0.200000,0.200000,0.200000,0.200000,0.200000,0
2011-09-16,0.200000,0.200000,0.200000,0.200000,0.200000,0
2011-09-19,0.200000,0.200000,0.200000,0.200000,0.200000,0
2011-09-20,0.250000,0.250000,0.190000,0.190000,0.190000,62400
2011-09-21,0.190000,0.190000,0.180000,0.180000,0.180000,36000
2011-09-22,0.180000,0.180000,0.180000,0.180000,0.180000,0
2011-09-23,0.120000,0.120000,0.100000,0.100000,0.100000,500000
2011-09-26,0.110000,0.110000,0.110000,0.110000,0.110000,500
2011-09-27,0.180000,0.180000,0.180000,0.180000,0.180000,23000
2011-09-28,0.180000,0.180000,0.180000,0.180000,0.180000,0
2011-09-29,0.180000,0.180000,0.180000,0.180000,0.180000,15200
2011-09-30,0.180000,0.180000,0.180000,0.180000,0.180000,0
2011-10-03,0.180000,0.180000,0.180000,0.180000,0.180000,0
2011-10-04,0.180000,0.180000,0.180000,0.180000,0.180000,0
2011-10-05,0.180000,0.180000,0.180000,0.180000,0.180000,0
2011-10-06,0.180000,0.180000,0.180000,0.180000,0.180000,5000
2011-10-07,0.180000,0.180000,0.180000,0.180000,0.180000,0
2011-10-10,0.180000,0.180000,0.180000,0.180000,0.180000,0
2011-10-11,0.180000,0.180000,0.180000,0.180000,0.180000,0
2011-10-12,0.180000,0.180000,0.180000,0.180000,0.180000,0
2011-10-13,0.180000,0.180000,0.180000,0.180000,0.180000,0
2011-10-14,0.180000,0.180000,0.180000,0.180000,0.180000,0
2011-10-17,0.180000,0.180000,0.180000,0.180000,0.180000,0
2011-10-18,0.180000,0.180000,0.180000,0.180000,0.180000,0
2011-10-19,0.180000,0.180000,0.180000,0.180000,0.180000,0
2011-10-20,0.180000,0.180000,0.180000,0.180000,0.180000,0
2011-10-21,0.180000,0.180000,0.180000,0.180000,0.180000,0
2011-10-24,0.180000,0.180000,0.180000,0.180000,0.180000,0
2011-10-25,0.180000,0.180000,0.180000,0.180000,0.180000,0
2011-10-26,0.180000,0.180000,0.180000,0.180000,0.180000,0
2011-10-27,0.180000,0.180000,0.180000,0.180000,0.180000,0
2011-10-28,0.080000,0.080000,0.080000,0.080000,0.080000,5700
2011-10-31,0.080000,0.080000,0.080000,0.080000,0.080000,0
2011-11-01,0.130000,0.130000,0.130000,0.130000,0.130000,4500
2011-11-02,0.140000,0.140000,0.100000,0.100000,0.100000,8700
2011-11-03,0.100000,0.100000,0.100000,0.100000,0.100000,0
2011-11-04,0.100000,0.100000,0.100000,0.100000,0.100000,0
2011-11-07,0.100000,0.100000,0.100000,0.100000,0.100000,0
2011-11-08,0.100000,0.100000,0.100000,0.100000,0.100000,0
2011-11-09,0.100000,0.100000,0.100000,0.100000,0.100000,0
2011-11-10,0.100000,0.100000,0.100000,0.100000,0.100000,0
2011-11-11,0.100000,0.100000,0.100000,0.100000,0.100000,0
2011-11-14,0.100000,0.100000,0.100000,0.100000,0.100000,0
2011-11-15,0.100000,0.100000,0.100000,0.100000,0.100000,0
2011-11-16,0.100000,0.100000,0.100000,0.100000,0.100000,0
2011-11-17,0.100000,0.100000,0.100000,0.100000,0.100000,0
2011-11-18,0.100000,0.100000,0.100000,0.100000,0.100000,0
2011-11-21,0.100000,0.100000,0.100000,0.100000,0.100000,0
2011-11-22,0.140000,0.140000,0.140000,0.140000,0.140000,10000
2011-11-23,0.140000,0.140000,0.140000,0.140000,0.140000,0
2011-11-25,0.140000,0.140000,0.140000,0.140000,0.140000,0
2011-11-28,0.140000,0.140000,0.140000,0.140000,0.140000,0
2011-11-29,0.140000,0.140000,0.140000,0.140000,0.140000,6600
2011-11-30,0.140000,0.140000,0.140000,0.140000,0.140000,0
2011-12-01,0.140000,0.140000,0.140000,0.140000,0.140000,0
2011-12-02,0.140000,0.140000,0.140000,0.140000,0.140000,5000
2011-12-05,0.140000,0.140000,0.140000,0.140000,0.140000,0
2011-12-06,0.140000,0.140000,0.140000,0.140000,0.140000,0
2011-12-07,0.140000,0.140000,0.140000,0.140000,0.140000,0
2011-12-08,0.140000,0.140000,0.140000,0.140000,0.140000,0
2011-12-09,0.140000,0.140000,0.140000,0.140000,0.140000,0
2011-12-12,0.140000,0.140000,0.140000,0.140000,0.140000,0
2011-12-13,0.110000,0.110000,0.110000,0.110000,0.110000,3500
2011-12-14,0.130000,0.130000,0.100000,0.110000,0.110000,38200
2011-12-15,0.110000,0.110000,0.100000,0.110000,0.110000,35400
2011-12-16,0.110000,0.110000,0.110000,0.110000,0.110000,0
2011-12-19,0.110000,0.110000,0.110000,0.110000,0.110000,0
2011-12-20,0.110000,0.110000,0.110000,0.110000,0.110000,0
2011-12-21,0.110000,0.110000,0.110000,0.110000,0.110000,0
2011-12-22,0.110000,0.110000,0.110000,0.110000,0.110000,2200
2011-12-23,0.110000,0.110000,0.110000,0.110000,0.110000,0
2011-12-27,0.110000,0.110000,0.110000,0.110000,0.110000,0
2011-12-28,0.110000,0.110000,0.110000,0.110000,0.110000,0
2011-12-29,0.110000,0.110000,0.110000,0.110000,0.110000,0
2011-12-30,0.110000,0.110000,0.110000,0.110000,0.110000,0
2012-01-03,0.130000,0.130000,0.130000,0.130000,0.130000,11100
2012-01-04,0.130000,0.130000,0.130000,0.130000,0.130000,0
2012-01-05,0.130000,0.130000,0.130000,0.130000,0.130000,1000
2012-01-06,0.150000,0.150000,0.150000,0.150000,0.150000,10000
2012-01-09,0.180000,0.180000,0.180000,0.180000,0.180000,9000
2012-01-10,0.200000,0.200000,0.170000,0.170000,0.170000,31500
2012-01-11,0.180000,0.300000,0.180000,0.300000,0.300000,54800
2012-01-12,0.300000,0.300000,0.300000,0.300000,0.300000,20000
2012-01-13,0.300000,0.300000,0.300000,0.300000,0.300000,0
2012-01-17,0.300000,0.300000,0.300000,0.300000,0.300000,11000
2012-01-18,0.330000,0.350000,0.330000,0.350000,0.350000,19000
2012-01-19,0.350000,0.350000,0.350000,0.350000,0.350000,0
2012-01-20,0.350000,0.350000,0.350000,0.350000,0.350000,0
2012-01-23,0.350000,0.380000,0.350000,0.380000,0.380000,44200
2012-01-24,0.380000,0.400000,0.380000,0.390000,0.390000,96500
2012-01-25,0.390000,0.390000,0.390000,0.390000,0.390000,8500
2012-01-26,0.390000,0.390000,0.390000,0.390000,0.390000,10000
2012-01-27,0.390000,0.390000,0.390000,0.390000,0.390000,0
2012-01-30,0.390000,0.390000,0.390000,0.390000,0.390000,0
2012-01-31,0.390000,0.390000,0.390000,0.390000,0.390000,15000
2012-02-01,0.380000,0.390000,0.380000,0.390000,0.390000,8000
2012-02-02,0.350000,0.350000,0.350000,0.350000,0.350000,5000
2012-02-03,0.360000,0.370000,0.350000,0.350000,0.350000,20700
2012-02-06,0.350000,0.350000,0.350000,0.350000,0.350000,5000
2012-02-07,0.350000,0.350000,0.350000,0.350000,0.350000,0
2012-02-08,0.350000,0.350000,0.350000,0.350000,0.350000,0
2012-02-09,0.350000,0.360000,0.300000,0.300000,0.300000,137000
2012-02-10,0.300000,0.300000,0.300000,0.300000,0.300000,73000
2012-02-13,0.300000,0.310000,0.300000,0.300000,0.300000,99400
2012-02-14,0.300000,0.300000,0.300000,0.300000,0.300000,0
2012-02-15,0.300000,0.300000,0.300000,0.300000,0.300000,0
2012-02-16,0.290000,0.300000,0.220000,0.220000,0.220000,132500
2012-02-17,0.240000,0.240000,0.240000,0.240000,0.240000,2000
2012-02-21,0.300000,0.300000,0.300000,0.300000,0.300000,70800
2012-02-22,0.300000,0.300000,0.290000,0.290000,0.290000,18500
2012-02-23,0.300000,0.310000,0.300000,0.310000,0.310000,114900
2012-02-24,0.340000,0.360000,0.340000,0.350000,0.350000,30500
2012-02-27,0.350000,0.350000,0.350000,0.350000,0.350000,0
2012-02-28,0.350000,0.350000,0.350000,0.350000,0.350000,0
2012-02-29,0.350000,0.350000,0.350000,0.350000,0.350000,0
2012-03-01,0.350000,0.350000,0.350000,0.350000,0.350000,0
2012-03-02,0.350000,0.350000,0.350000,0.350000,0.350000,0
2012-03-05,0.220000,0.220000,0.190000,0.190000,0.190000,21700
2012-03-06,0.200000,0.200000,0.190000,0.200000,0.200000,38500
2012-03-07,0.280000,0.310000,0.280000,0.300000,0.300000,75200
2012-03-08,0.300000,0.300000,0.300000,0.300000,0.300000,18400
2012-03-09,0.300000,0.300000,0.300000,0.300000,0.300000,2500
2012-03-12,0.300000,0.300000,0.300000,0.300000,0.300000,0
2012-03-13,0.300000,0.300000,0.300000,0.300000,0.300000,2700
2012-03-14,0.260000,0.260000,0.260000,0.260000,0.260000,5000
2012-03-15,0.270000,0.270000,0.270000,0.270000,0.270000,400
2012-03-16,0.270000,0.270000,0.270000,0.270000,0.270000,500
2012-03-19,0.270000,0.270000,0.270000,0.270000,0.270000,2200
2012-03-20,0.270000,0.270000,0.270000,0.270000,0.270000,0
2012-03-21,0.300000,0.300000,0.300000,0.300000,0.300000,200
2012-03-22,0.300000,0.300000,0.300000,0.300000,0.300000,20400
2012-03-23,0.290000,0.290000,0.290000,0.290000,0.290000,11000
2012-03-26,0.290000,0.290000,0.290000,0.290000,0.290000,0
2012-03-27,0.260000,0.260000,0.260000,0.260000,0.260000,5000
2012-03-28,0.160000,0.280000,0.100000,0.280000,0.280000,30100
2012-03-29,0.280000,0.280000,0.280000,0.280000,0.280000,0
2012-03-30,0.280000,0.300000,0.280000,0.300000,0.300000,14400
2012-04-02,0.300000,0.300000,0.300000,0.300000,0.300000,0
2012-04-03,0.300000,0.300000,0.300000,0.300000,0.300000,0
2012-04-04,0.300000,0.300000,0.300000,0.300000,0.300000,0
2012-04-05,0.280000,0.280000,0.280000,0.280000,0.280000,1700
2012-04-09,0.280000,0.280000,0.280000,0.280000,0.280000,0
2012-04-10,0.250000,0.250000,0.250000,0.250000,0.250000,5000
2012-04-11,0.250000,0.250000,0.250000,0.250000,0.250000,0
2012-04-12,0.250000,0.260000,0.250000,0.250000,0.250000,8000
2012-04-13,0.250000,0.250000,0.250000,0.250000,0.250000,0
2012-04-16,0.200000,0.200000,0.200000,0.200000,0.200000,20000
2012-04-17,0.250000,0.250000,0.250000,0.250000,0.250000,7500
2012-04-18,0.250000,0.250000,0.250000,0.250000,0.250000,7000
2012-04-19,0.250000,0.250000,0.250000,0.250000,0.250000,0
2012-04-20,0.250000,0.250000,0.250000,0.250000,0.250000,0
2012-04-23,0.250000,0.250000,0.250000,0.250000,0.250000,0
2012-04-24,0.250000,0.250000,0.250000,0.250000,0.250000,0
2012-04-25,0.250000,0.250000,0.250000,0.250000,0.250000,500
2012-04-26,0.250000,0.250000,0.250000,0.250000,0.250000,0
2012-04-27,0.200000,0.200000,0.200000,0.200000,0.200000,9200
2012-04-30,0.200000,0.200000,0.200000,0.200000,0.200000,5000
2012-05-01,0.200000,0.200000,0.200000,0.200000,0.200000,0
2012-05-02,0.200000,0.200000,0.200000,0.200000,0.200000,0
2012-05-03,0.200000,0.200000,0.200000,0.200000,0.200000,0
2012-05-04,0.200000,0.200000,0.200000,0.200000,0.200000,7000
2012-05-07,0.200000,0.200000,0.200000,0.200000,0.200000,0
2012-05-08,0.200000,0.200000,0.200000,0.200000,0.200000,0
2012-05-09,0.200000,0.200000,0.200000,0.200000,0.200000,0
2012-05-10,0.200000,0.200000,0.200000,0.200000,0.200000,0
2012-05-11,0.200000,0.200000,0.200000,0.200000,0.200000,0
2012-05-14,0.250000,0.250000,0.250000,0.250000,0.250000,2700
2012-05-15,0.250000,0.250000,0.250000,0.250000,0.250000,0
2012-05-16,0.250000,0.250000,0.250000,0.250000,0.250000,0
2012-05-17,0.170000,0.170000,0.170000,0.170000,0.170000,2700
2012-05-18,0.170000,0.170000,0.170000,0.170000,0.170000,0
2012-05-21,0.170000,0.170000,0.170000,0.170000,0.170000,0
2012-05-22,0.170000,0.170000,0.170000,0.170000,0.170000,0
2012-05-23,0.220000,0.220000,0.220000,0.220000,0.220000,200
2012-05-24,0.220000,0.250000,0.170000,0.250000,0.250000,30700
2012-05-25,0.200000,0.200000,0.200000,0.200000,0.200000,3900
2012-05-29,0.200000,0.200000,0.200000,0.200000,0.200000,0
2012-05-30,0.200000,0.200000,0.200000,0.200000,0.200000,0
2012-05-31,0.200000,0.200000,0.200000,0.200000,0.200000,0
2012-06-01,0.240000,0.240000,0.240000,0.240000,0.240000,18000
2012-06-04,0.240000,0.240000,0.240000,0.240000,0.240000,0
2012-06-05,0.240000,0.240000,0.240000,0.240000,0.240000,0
2012-06-06,0.300000,0.350000,0.300000,0.350000,0.350000,12000
2012-06-07,0.310000,0.310000,0.310000,0.310000,0.310000,1000
2012-06-08,0.310000,0.310000,0.310000,0.310000,0.310000,0
2012-06-11,0.310000,0.310000,0.310000,0.310000,0.310000,0
2012-06-12,0.310000,0.310000,0.310000,0.310000,0.310000,0
2012-06-13,0.310000,0.310000,0.310000,0.310000,0.310000,0
2012-06-14,0.310000,0.310000,0.310000,0.310000,0.310000,0
2012-06-15,0.310000,0.310000,0.310000,0.310000,0.310000,0
2012-06-18,0.310000,0.310000,0.310000,0.310000,0.310000,0
2012-06-19,0.310000,0.310000,0.310000,0.310000,0.310000,0
2012-06-20,0.300000,0.300000,0.300000,0.300000,0.300000,10000
2012-06-21,0.300000,0.300000,0.300000,0.300000,0.300000,0
2012-06-22,0.300000,0.300000,0.300000,0.300000,0.300000,0
2012-06-25,0.300000,0.300000,0.300000,0.300000,0.300000,0
2012-06-26,0.300000,0.300000,0.300000,0.300000,0.300000,0
2012-06-27,0.300000,0.300000,0.300000,0.300000,0.300000,0
2012-06-28,0.250000,0.250000,0.240000,0.240000,0.240000,16000
2012-06-29,0.240000,0.240000,0.240000,0.240000,0.240000,0
2012-07-02,0.240000,0.240000,0.240000,0.240000,0.240000,0
2012-07-03,0.240000,0.240000,0.240000,0.240000,0.240000,200
2012-07-05,0.240000,0.240000,0.240000,0.240000,0.240000,0
2012-07-06,0.240000,0.240000,0.240000,0.240000,0.240000,0
2012-07-09,0.270000,0.270000,0.270000,0.270000,0.270000,600
2012-07-10,0.270000,0.270000,0.270000,0.270000,0.270000,0
2012-07-11,0.280000,0.280000,0.280000,0.280000,0.280000,2000
2012-07-12,0.270000,0.270000,0.250000,0.250000,0.250000,15000
2012-07-13,0.250000,0.250000,0.250000,0.250000,0.250000,0
2012-07-16,0.250000,0.250000,0.250000,0.250000,0.250000,0
2012-07-17,0.250000,0.250000,0.250000,0.250000,0.250000,0
2012-07-18,0.250000,0.250000,0.250000,0.250000,0.250000,0
2012-07-19,0.350000,0.350000,0.350000,0.350000,0.350000,3300
2012-07-20,0.350000,0.350000,0.350000,0.350000,0.350000,0
2012-07-23,0.350000,0.350000,0.350000,0.350000,0.350000,0
2012-07-24,0.350000,0.350000,0.350000,0.350000,0.350000,0
2012-07-25,0.350000,0.350000,0.350000,0.350000,0.350000,0
2012-07-26,0.350000,0.350000,0.350000,0.350000,0.350000,0
2012-07-27,0.300000,0.300000,0.300000,0.300000,0.300000,4100
2012-07-30,0.290000,0.290000,0.290000,0.290000,0.290000,1000
2012-07-31,0.290000,0.290000,0.290000,0.290000,0.290000,0
2012-08-01,0.290000,0.290000,0.290000,0.290000,0.290000,0
2012-08-02,0.290000,0.290000,0.290000,0.290000,0.290000,0
2012-08-03,0.250000,0.250000,0.250000,0.250000,0.250000,11400
2012-08-06,0.200000,0.200000,0.200000,0.200000,0.200000,100
2012-08-07,0.200000,0.200000,0.200000,0.200000,0.200000,0
2012-08-08,0.200000,0.200000,0.200000,0.200000,0.200000,0
2012-08-09,0.200000,0.200000,0.200000,0.200000,0.200000,0
2012-08-10,0.200000,0.200000,0.200000,0.200000,0.200000,0
2012-08-13,0.280000,0.280000,0.280000,0.280000,0.280000,15000
2012-08-14,0.280000,0.280000,0.280000,0.280000,0.280000,0
2012-08-15,0.280000,0.280000,0.280000,0.280000,0.280000,0
2012-08-16,0.280000,0.280000,0.280000,0.280000,0.280000,0
2012-08-17,0.280000,0.280000,0.280000,0.280000,0.280000,0
2012-08-20,0.280000,0.280000,0.280000,0.280000,0.280000,0
2012-08-21,0.280000,0.280000,0.280000,0.280000,0.280000,0
2012-08-22,0.250000,0.250000,0.250000,0.250000,0.250000,500
2012-08-23,0.250000,0.250000,0.250000,0.250000,0.250000,0
2012-08-24,0.250000,0.250000,0.250000,0.250000,0.250000,0
2012-08-27,0.250000,0.250000,0.250000,0.250000,0.250000,25600
2012-08-28,0.250000,0.250000,0.250000,0.250000,0.250000,0
2012-08-29,0.250000,0.250000,0.250000,0.250000,0.250000,400
2012-08-30,0.250000,0.250000,0.250000,0.250000,0.250000,17500
2012-08-31,0.250000,0.250000,0.250000,0.250000,0.250000,0
2012-09-04,0.250000,0.250000,0.250000,0.250000,0.250000,0
2012-09-05,0.250000,0.250000,0.250000,0.250000,0.250000,0
2012-09-06,0.250000,0.250000,0.250000,0.250000,0.250000,0
2012-09-07,0.200000,0.200000,0.200000,0.200000,0.200000,1300
2012-09-10,0.200000,0.200000,0.200000,0.200000,0.200000,0
2012-09-11,0.200000,0.200000,0.200000,0.200000,0.200000,0
2012-09-12,0.200000,0.200000,0.200000,0.200000,0.200000,0
2012-09-13,0.200000,0.200000,0.200000,0.200000,0.200000,0
2012-09-14,0.200000,0.200000,0.200000,0.200000,0.200000,0
2012-09-17,0.250000,0.300000,0.250000,0.300000,0.300000,50500
2012-09-18,0.300000,0.300000,0.300000,0.300000,0.300000,0
2012-09-19,0.300000,0.300000,0.300000,0.300000,0.300000,0
2012-09-20,0.300000,0.300000,0.300000,0.300000,0.300000,1800
2012-09-21,0.300000,0.300000,0.300000,0.300000,0.300000,0
2012-09-24,0.300000,0.300000,0.300000,0.300000,0.300000,10000
2012-09-25,0.300000,0.300000,0.300000,0.300000,0.300000,0
2012-09-26,0.300000,0.300000,0.300000,0.300000,0.300000,5000
2012-09-27,0.250000,0.250000,0.210000,0.250000,0.250000,11800
2012-09-28,0.250000,0.250000,0.250000,0.250000,0.250000,0
2012-10-01,0.250000,0.250000,0.250000,0.250000,0.250000,0
2012-10-02,0.300000,0.350000,0.300000,0.350000,0.350000,65000
2012-10-03,0.390000,0.450000,0.390000,0.420000,0.420000,68700
2012-10-04,0.420000,0.450000,0.400000,0.450000,0.450000,46600
2012-10-05,0.450000,0.550000,0.450000,0.550000,0.550000,190500
2012-10-08,0.990000,0.990000,0.530000,0.580000,0.580000,11700
2012-10-09,0.700000,0.700000,0.580000,0.580000,0.580000,22800
2012-10-10,0.580000,0.580000,0.560000,0.560000,0.560000,23600
2012-10-11,0.510000,0.550000,0.450000,0.550000,0.550000,48200
2012-10-12,0.500000,0.550000,0.500000,0.550000,0.550000,16000
2012-10-15,0.530000,0.530000,0.500000,0.500000,0.500000,16000
2012-10-16,0.500000,0.500000,0.500000,0.500000,0.500000,2000
2012-10-17,0.500000,0.500000,0.500000,0.500000,0.500000,1000
2012-10-18,0.420000,0.420000,0.400000,0.400000,0.400000,600
2012-10-19,0.400000,0.400000,0.400000,0.400000,0.400000,4000
2012-10-22,0.500000,0.500000,0.390000,0.450000,0.450000,1600
2012-10-23,0.500000,0.500000,0.400000,0.500000,0.500000,2300
2012-10-24,0.500000,0.500000,0.500000,0.500000,0.500000,0
2012-10-25,0.500000,0.500000,0.500000,0.500000,0.500000,0
2012-10-26,0.500000,0.500000,0.500000,0.500000,0.500000,0
2012-10-31,0.500000,0.500000,0.490000,0.490000,0.490000,9700
2012-11-01,0.550000,0.550000,0.550000,0.550000,0.550000,25000
2012-11-02,0.540000,0.540000,0.540000,0.540000,0.540000,8000
2012-11-05,0.540000,0.540000,0.540000,0.540000,0.540000,0
2012-11-06,0.520000,0.550000,0.520000,0.550000,0.550000,87100
2012-11-07,0.550000,0.550000,0.520000,0.530000,0.530000,30500
2012-11-08,0.530000,0.530000,0.530000,0.530000,0.530000,0
2012-11-09,0.520000,0.520000,0.500000,0.500000,0.500000,8500
2012-11-12,0.510000,0.510000,0.490000,0.490000,0.490000,20000
2012-11-13,0.490000,0.490000,0.490000,0.490000,0.490000,0
2012-11-14,0.490000,0.490000,0.490000,0.490000,0.490000,6900
2012-11-15,0.450000,0.510000,0.390000,0.510000,0.510000,20100
2012-11-16,0.510000,0.510000,0.510000,0.510000,0.510000,0
2012-11-19,0.510000,0.510000,0.510000,0.510000,0.510000,0
2012-11-20,0.500000,0.550000,0.500000,0.550000,0.550000,6000
2012-11-21,0.490000,0.490000,0.490000,0.490000,0.490000,400
2012-11-23,0.490000,0.490000,0.490000,0.490000,0.490000,0
2012-11-26,0.480000,0.480000,0.480000,0.480000,0.480000,10000
2012-11-27,0.470000,0.470000,0.410000,0.460000,0.460000,17700
2012-11-28,0.460000,0.460000,0.440000,0.440000,0.440000,7000
2012-11-29,0.410000,0.410000,0.410000,0.410000,0.410000,2500
2012-11-30,0.500000,0.500000,0.500000,0.500000,0.500000,300
2012-12-03,0.460000,0.460000,0.400000,0.400000,0.400000,8500
2012-12-04,0.450000,0.450000,0.450000,0.450000,0.450000,5000
2012-12-05,0.450000,0.450000,0.450000,0.450000,0.450000,0
2012-12-06,0.450000,0.450000,0.450000,0.450000,0.450000,5000
2012-12-07,0.450000,0.450000,0.450000,0.450000,0.450000,0
2012-12-10,0.450000,0.450000,0.450000,0.450000,0.450000,0
2012-12-11,0.450000,0.450000,0.450000,0.450000,0.450000,0
2012-12-12,0.450000,0.450000,0.450000,0.450000,0.450000,0
2012-12-13,0.440000,0.450000,0.440000,0.450000,0.450000,3500
2012-12-14,0.420000,0.420000,0.420000,0.420000,0.420000,1000
2012-12-17,0.410000,0.410000,0.410000,0.410000,0.410000,11100
2012-12-18,0.410000,0.410000,0.410000,0.410000,0.410000,0
2012-12-19,0.450000,0.450000,0.450000,0.450000,0.450000,1000
2012-12-20,0.450000,0.450000,0.400000,0.450000,0.450000,30900
2012-12-21,0.450000,0.450000,0.400000,0.400000,0.400000,32500
2012-12-24,0.400000,0.400000,0.400000,0.400000,0.400000,1200
2012-12-26,0.400000,0.400000,0.400000,0.400000,0.400000,0
2012-12-27,0.400000,0.400000,0.400000,0.400000,0.400000,0
2012-12-28,0.400000,0.400000,0.400000,0.400000,0.400000,1000
2012-12-31,0.400000,0.400000,0.400000,0.400000,0.400000,5400
2013-01-02,0.400000,0.400000,0.400000,0.400000,0.400000,0
2013-01-03,0.400000,0.400000,0.400000,0.400000,0.400000,0
2013-01-04,0.400000,0.400000,0.400000,0.400000,0.400000,0
2013-01-07,0.400000,0.510000,0.170000,0.500000,0.500000,13000
2013-01-08,0.450000,0.450000,0.450000,0.450000,0.450000,200
2013-01-09,0.450000,0.450000,0.450000,0.450000,0.450000,0
2013-01-10,0.400000,0.400000,0.400000,0.400000,0.400000,3500
2013-01-11,0.400000,0.400000,0.400000,0.400000,0.400000,1800
2013-01-14,0.400000,0.400000,0.400000,0.400000,0.400000,0
2013-01-15,0.390000,0.450000,0.390000,0.450000,0.450000,11200
2013-01-16,0.450000,0.450000,0.450000,0.450000,0.450000,0
2013-01-17,0.330000,0.330000,0.330000,0.330000,0.330000,100
2013-01-18,0.330000,0.330000,0.330000,0.330000,0.330000,0
2013-01-22,0.450000,0.450000,0.450000,0.450000,0.450000,1000
2013-01-23,0.450000,0.450000,0.450000,0.450000,0.450000,0
2013-01-24,0.450000,0.450000,0.450000,0.450000,0.450000,0
2013-01-25,0.450000,0.450000,0.450000,0.450000,0.450000,0
2013-01-28,0.450000,0.450000,0.450000,0.450000,0.450000,26300
2013-01-29,0.450000,0.450000,0.450000,0.450000,0.450000,0
2013-01-30,0.350000,0.470000,0.350000,0.470000,0.470000,17800
2013-01-31,0.360000,0.360000,0.360000,0.360000,0.360000,27700
2013-02-01,0.450000,0.450000,0.450000,0.450000,0.450000,1000
2013-02-04,0.450000,0.450000,0.450000,0.450000,0.450000,8500
2013-02-05,0.450000,0.450000,0.450000,0.450000,0.450000,0
2013-02-06,0.350000,0.450000,0.350000,0.450000,0.450000,7500
2013-02-07,0.450000,0.450000,0.450000,0.450000,0.450000,0
2013-02-08,0.450000,0.450000,0.450000,0.450000,0.450000,0
2013-02-11,0.400000,0.400000,0.400000,0.400000,0.400000,19800
2013-02-12,0.380000,0.380000,0.380000,0.380000,0.380000,300
2013-02-13,0.380000,0.380000,0.380000,0.380000,0.380000,0
2013-02-14,0.400000,0.400000,0.400000,0.400000,0.400000,300
2013-02-15,0.400000,0.400000,0.400000,0.400000,0.400000,0
2013-02-19,0.400000,0.400000,0.400000,0.400000,0.400000,0
2013-02-20,0.400000,0.400000,0.400000,0.400000,0.400000,0
2013-02-21,0.400000,0.400000,0.400000,0.400000,0.400000,3600
2013-02-22,0.360000,0.360000,0.360000,0.360000,0.360000,900
2013-02-25,0.380000,0.400000,0.360000,0.360000,0.360000,21500
2013-02-26,0.400000,0.400000,0.400000,0.400000,0.400000,5000
2013-02-27,0.400000,0.400000,0.400000,0.400000,0.400000,0
2013-02-28,0.400000,0.400000,0.400000,0.400000,0.400000,0
2013-03-01,0.400000,0.400000,0.400000,0.400000,0.400000,0
2013-03-04,0.400000,0.430000,0.400000,0.430000,0.430000,9000
2013-03-05,0.400000,0.400000,0.400000,0.400000,0.400000,2500
2013-03-06,0.400000,0.400000,0.400000,0.400000,0.400000,2500
2013-03-07,0.400000,0.400000,0.400000,0.400000,0.400000,0
2013-03-08,0.400000,0.400000,0.400000,0.400000,0.400000,0
2013-03-11,0.400000,0.400000,0.400000,0.400000,0.400000,0
2013-03-12,0.400000,0.400000,0.400000,0.400000,0.400000,0
2013-03-13,0.400000,0.400000,0.400000,0.400000,0.400000,0
2013-03-14,0.400000,0.400000,0.400000,0.400000,0.400000,0
2013-03-15,0.400000,0.400000,0.400000,0.400000,0.400000,0
2013-03-18,0.400000,0.400000,0.400000,0.400000,0.400000,0
2013-03-19,0.350000,0.380000,0.350000,0.350000,0.350000,25500
2013-03-20,0.350000,0.350000,0.350000,0.350000,0.350000,0
2013-03-21,0.350000,0.350000,0.350000,0.350000,0.350000,0
2013-03-22,0.350000,0.350000,0.350000,0.350000,0.350000,0
2013-03-25,0.350000,0.350000,0.350000,0.350000,0.350000,0
2013-03-26,0.350000,0.350000,0.350000,0.350000,0.350000,0
2013-03-27,0.350000,0.350000,0.350000,0.350000,0.350000,0
2013-03-28,0.350000,0.350000,0.350000,0.350000,0.350000,0
2013-04-01,0.350000,0.350000,0.350000,0.350000,0.350000,0
2013-04-02,0.350000,0.380000,0.350000,0.380000,0.380000,6400
2013-04-03,0.380000,0.380000,0.380000,0.380000,0.380000,0
2013-04-04,0.300000,0.300000,0.300000,0.300000,0.300000,100
2013-04-05,0.350000,0.380000,0.350000,0.380000,0.380000,5000
2013-04-08,0.380000,0.380000,0.380000,0.380000,0.380000,0
2013-04-09,0.350000,0.350000,0.350000,0.350000,0.350000,7600
2013-04-10,0.350000,0.350000,0.350000,0.350000,0.350000,0
2013-04-11,0.350000,0.350000,0.350000,0.350000,0.350000,0
2013-04-12,0.350000,0.350000,0.350000,0.350000,0.350000,0
2013-04-15,0.350000,0.350000,0.350000,0.350000,0.350000,0
2013-04-16,0.350000,0.350000,0.350000,0.350000,0.350000,0
2013-04-17,0.350000,0.350000,0.350000,0.350000,0.350000,0
2013-04-18,0.300000,0.300000,0.300000,0.300000,0.300000,7000
2013-04-19,0.350000,0.510000,0.350000,0.510000,0.510000,21500
2013-04-22,0.510000,0.510000,0.510000,0.510000,0.510000,0
2013-04-23,0.370000,0.370000,0.350000,0.350000,0.350000,35700
2013-04-24,0.350000,0.350000,0.350000,0.350000,0.350000,0
2013-04-25,0.350000,0.350000,0.350000,0.350000,0.350000,0
2013-04-26,0.350000,0.350000,0.350000,0.350000,0.350000,0
2013-04-29,0.350000,0.350000,0.350000,0.350000,0.350000,0
2013-04-30,0.310000,0.350000,0.260000,0.350000,0.350000,122100
2013-05-01,0.350000,0.350000,0.350000,0.350000,0.350000,0
2013-05-02,0.350000,0.350000,0.350000,0.350000,0.350000,200
2013-05-03,0.350000,0.460000,0.350000,0.460000,0.460000,17700
2013-05-06,0.460000,0.460000,0.460000,0.460000,0.460000,0
2013-05-07,0.460000,0.460000,0.460000,0.460000,0.460000,0
2013-05-08,0.460000,0.460000,0.460000,0.460000,0.460000,0
2013-05-09,0.460000,0.460000,0.460000,0.460000,0.460000,0
2013-05-10,0.460000,0.480000,0.450000,0.450000,0.450000,40000
2013-05-13,0.450000,0.450000,0.450000,0.450000,0.450000,0
2013-05-14,0.450000,0.450000,0.450000,0.450000,0.450000,15000
2013-05-15,0.450000,0.450000,0.450000,0.450000,0.450000,0
2013-05-16,0.450000,0.450000,0.450000,0.450000,0.450000,0
2013-05-17,0.400000,0.450000,0.400000,0.450000,0.450000,11000
2013-05-20,0.450000,0.450000,0.450000,0.450000,0.450000,0
2013-05-21,0.450000,0.450000,0.450000,0.450000,0.450000,0
2013-05-22,0.300000,0.480000,0.300000,0.480000,0.480000,5500
2013-05-23,0.480000,0.480000,0.480000,0.480000,0.480000,2800
2013-05-24,0.480000,0.480000,0.480000,0.480000,0.480000,0
2013-05-28,0.480000,0.480000,0.480000,0.480000,0.480000,0
2013-05-29,0.480000,0.480000,0.480000,0.480000,0.480000,0
2013-05-30,0.480000,0.480000,0.480000,0.480000,0.480000,0
2013-05-31,0.350000,0.350000,0.350000,0.350000,0.350000,2400
2013-06-03,0.370000,0.400000,0.370000,0.400000,0.400000,26000
2013-06-04,0.400000,0.440000,0.400000,0.440000,0.440000,7400
2013-06-05,0.410000,0.410000,0.410000,0.410000,0.410000,21600
2013-06-06,0.410000,0.410000,0.410000,0.410000,0.410000,0
2013-06-07,0.410000,0.410000,0.410000,0.410000,0.410000,0
2013-06-10,0.420000,0.420000,0.420000,0.420000,0.420000,2500
2013-06-11,0.420000,0.420000,0.420000,0.420000,0.420000,0
2013-06-12,0.420000,0.420000,0.420000,0.420000,0.420000,0
2013-06-13,0.420000,0.420000,0.420000,0.420000,0.420000,0
2013-06-14,0.420000,0.420000,0.420000,0.420000,0.420000,0
2013-06-17,0.420000,0.420000,0.420000,0.420000,0.420000,0
2013-06-18,0.420000,0.420000,0.420000,0.420000,0.420000,0
2013-06-19,0.420000,0.420000,0.420000,0.420000,0.420000,0
2013-06-20,0.420000,0.420000,0.420000,0.420000,0.420000,0
2013-06-21,0.330000,0.400000,0.330000,0.400000,0.400000,2800
2013-06-24,0.400000,0.400000,0.400000,0.400000,0.400000,0
2013-06-25,0.400000,0.400000,0.400000,0.400000,0.400000,0
2013-06-26,0.330000,0.350000,0.330000,0.350000,0.350000,4400
2013-06-27,0.350000,0.390000,0.320000,0.320000,0.320000,14300
2013-06-28,0.350000,0.400000,0.340000,0.400000,0.400000,47900
2013-07-01,0.400000,0.400000,0.400000,0.400000,0.400000,0
2013-07-02,0.320000,0.320000,0.320000,0.320000,0.320000,1000
2013-07-03,0.320000,0.320000,0.320000,0.320000,0.320000,0
2013-07-05,0.320000,0.320000,0.320000,0.320000,0.320000,0
2013-07-08,0.360000,0.400000,0.360000,0.400000,0.400000,9400
2013-07-09,0.460000,0.460000,0.450000,0.450000,0.450000,29500
2013-07-10,0.370000,0.380000,0.370000,0.380000,0.380000,15000
2013-07-11,0.370000,0.380000,0.340000,0.370000,0.370000,41500
2013-07-12,0.400000,0.400000,0.400000,0.400000,0.400000,2700
2013-07-15,0.400000,0.400000,0.400000,0.400000,0.400000,0
2013-07-16,0.350000,0.350000,0.350000,0.350000,0.350000,31200
2013-07-17,0.350000,0.400000,0.350000,0.400000,0.400000,28300
2013-07-18,0.320000,0.400000,0.320000,0.400000,0.400000,22600
2013-07-19,0.400000,0.400000,0.400000,0.400000,0.400000,0
2013-07-22,0.400000,0.400000,0.390000,0.390000,0.390000,10000
2013-07-23,0.380000,0.400000,0.350000,0.350000,0.350000,20000
2013-07-24,0.380000,0.400000,0.350000,0.350000,0.350000,17500
2013-07-25,0.380000,0.390000,0.380000,0.390000,0.390000,20000
2013-07-26,0.390000,0.390000,0.390000,0.390000,0.390000,0
2013-07-29,0.350000,0.400000,0.330000,0.380000,0.380000,207200
2013-07-30,0.380000,0.380000,0.380000,0.380000,0.380000,0
2013-07-31,0.380000,0.380000,0.380000,0.380000,0.380000,10000
2013-08-01,0.380000,0.380000,0.380000,0.380000,0.380000,300
2013-08-02,0.340000,0.380000,0.340000,0.350000,0.350000,95300
2013-08-05,0.360000,0.360000,0.350000,0.350000,0.350000,40000
2013-08-06,0.350000,0.350000,0.350000,0.350000,0.350000,4500
2013-08-07,0.350000,0.350000,0.330000,0.330000,0.330000,67700
2013-08-08,0.330000,0.330000,0.330000,0.330000,0.330000,14500
2013-08-09,0.350000,0.350000,0.350000,0.350000,0.350000,5000
2013-08-12,0.350000,0.350000,0.350000,0.350000,0.350000,0
2013-08-13,0.350000,0.350000,0.350000,0.350000,0.350000,0
2013-08-14,0.350000,0.350000,0.350000,0.350000,0.350000,53000
2013-08-15,0.350000,0.350000,0.350000,0.350000,0.350000,155500
2013-08-16,0.350000,0.350000,0.350000,0.350000,0.350000,0
2013-08-19,0.360000,0.380000,0.360000,0.380000,0.380000,3500
2013-08-20,0.380000,0.390000,0.330000,0.330000,0.330000,18800
2013-08-21,0.330000,0.330000,0.330000,0.330000,0.330000,0
2013-08-22,0.360000,0.370000,0.360000,0.370000,0.370000,3800
2013-08-23,0.370000,0.370000,0.370000,0.370000,0.370000,0
2013-08-26,0.370000,0.370000,0.370000,0.370000,0.370000,0
2013-08-27,0.370000,0.370000,0.370000,0.370000,0.370000,0
2013-08-28,0.370000,0.370000,0.370000,0.370000,0.370000,0
2013-08-29,0.370000,0.390000,0.370000,0.390000,0.390000,66200
2013-08-30,0.390000,0.390000,0.390000,0.390000,0.390000,0
2013-09-03,0.390000,0.390000,0.390000,0.390000,0.390000,0
2013-09-04,0.380000,0.450000,0.380000,0.450000,0.450000,53000
2013-09-05,0.410000,0.410000,0.400000,0.400000,0.400000,14000
2013-09-06,0.400000,0.400000,0.390000,0.390000,0.390000,31000
2013-09-09,0.380000,0.380000,0.380000,0.380000,0.380000,27000
2013-09-10,0.400000,0.400000,0.350000,0.370000,0.370000,305500
2013-09-11,0.360000,0.360000,0.350000,0.350000,0.350000,112000
2013-09-12,0.350000,0.350000,0.350000,0.350000,0.350000,0
2013-09-13,0.350000,0.350000,0.350000,0.350000,0.350000,0
2013-09-16,0.330000,0.340000,0.330000,0.330000,0.330000,7200
2013-09-17,0.320000,0.360000,0.320000,0.360000,0.360000,132500
2013-09-18,0.360000,0.360000,0.360000,0.360000,0.360000,0
2013-09-19,0.360000,0.360000,0.330000,0.340000,0.340000,29000
2013-09-20,0.340000,0.340000,0.340000,0.340000,0.340000,0
2013-09-23,0.340000,0.340000,0.340000,0.340000,0.340000,0
2013-09-24,0.320000,0.360000,0.320000,0.360000,0.360000,101100
2013-09-25,0.360000,0.420000,0.360000,0.380000,0.380000,26100
2013-09-26,0.400000,0.420000,0.400000,0.400000,0.400000,8000
2013-09-27,0.450000,0.450000,0.450000,0.450000,0.450000,25000
2013-09-30,0.440000,0.440000,0.420000,0.420000,0.420000,2900
2013-10-01,0.450000,0.450000,0.450000,0.450000,0.450000,500
2013-10-02,0.450000,0.450000,0.450000,0.450000,0.450000,0
2013-10-03,0.450000,0.450000,0.450000,0.450000,0.450000,0
2013-10-04,0.450000,0.450000,0.450000,0.450000,0.450000,0
2013-10-07,0.450000,0.450000,0.450000,0.450000,0.450000,1000
2013-10-08,0.400000,0.450000,0.380000,0.450000,0.450000,115000
2013-10-09,0.450000,0.460000,0.430000,0.430000,0.430000,21000
2013-10-10,0.440000,0.440000,0.430000,0.430000,0.430000,20000
2013-10-11,0.430000,0.430000,0.430000,0.430000,0.430000,0
2013-10-14,0.500000,0.500000,0.500000,0.500000,0.500000,300
2013-10-15,0.400000,0.400000,0.400000,0.400000,0.400000,1000
2013-10-16,0.400000,0.400000,0.400000,0.400000,0.400000,0
2013-10-17,0.400000,0.400000,0.400000,0.400000,0.400000,0
2013-10-18,0.400000,0.400000,0.400000,0.400000,0.400000,0
2013-10-21,0.400000,0.400000,0.400000,0.400000,0.400000,0
2013-10-22,0.400000,0.400000,0.400000,0.400000,0.400000,0
2013-10-23,0.380000,0.380000,0.300000,0.340000,0.340000,56200
2013-10-24,0.380000,0.380000,0.380000,0.380000,0.380000,2000
2013-10-25,0.370000,0.380000,0.350000,0.380000,0.380000,32500
2013-10-28,0.370000,0.370000,0.350000,0.350000,0.350000,81500
2013-10-29,0.350000,0.350000,0.350000,0.350000,0.350000,0
2013-10-30,0.320000,0.400000,0.320000,0.350000,0.350000,18200
2013-10-31,0.350000,0.350000,0.350000,0.350000,0.350000,3900
2013-11-01,0.310000,0.490000,0.310000,0.490000,0.490000,9100
2013-11-04,0.490000,0.490000,0.490000,0.490000,0.490000,0
2013-11-05,0.330000,0.450000,0.330000,0.450000,0.450000,2000
2013-11-06,0.450000,0.450000,0.450000,0.450000,0.450000,0
2013-11-07,0.440000,0.440000,0.440000,0.440000,0.440000,300
2013-11-08,0.440000,0.440000,0.440000,0.440000,0.440000,0
2013-11-11,0.440000,0.440000,0.440000,0.440000,0.440000,0
2013-11-12,0.440000,0.440000,0.440000,0.440000,0.440000,0
2013-11-13,0.440000,0.440000,0.440000,0.440000,0.440000,0
2013-11-14,0.440000,0.440000,0.440000,0.440000,0.440000,0
2013-11-15,0.440000,0.440000,0.440000,0.440000,0.440000,0
2013-11-18,0.440000,0.440000,0.440000,0.440000,0.440000,0
2013-11-19,0.440000,0.440000,0.440000,0.440000,0.440000,0
2013-11-20,0.440000,0.440000,0.440000,0.440000,0.440000,0
2013-11-21,0.440000,0.440000,0.440000,0.440000,0.440000,0
2013-11-22,0.440000,0.440000,0.440000,0.440000,0.440000,0
2013-11-25,0.310000,0.400000,0.310000,0.400000,0.400000,4500
2013-11-26,0.360000,0.380000,0.360000,0.380000,0.380000,11500
2013-11-27,0.340000,0.340000,0.310000,0.310000,0.310000,16300
2013-11-29,0.310000,0.310000,0.310000,0.310000,0.310000,0
2013-12-02,0.310000,0.310000,0.310000,0.310000,0.310000,0
2013-12-03,0.290000,0.290000,0.220000,0.280000,0.280000,48000
2013-12-04,0.340000,0.340000,0.340000,0.340000,0.340000,2000
2013-12-05,0.220000,0.360000,0.220000,0.360000,0.360000,2300
2013-12-06,0.360000,0.360000,0.360000,0.360000,0.360000,0
2013-12-09,0.280000,0.280000,0.280000,0.280000,0.280000,3000
2013-12-10,0.280000,0.280000,0.280000,0.280000,0.280000,0
2013-12-11,0.280000,0.280000,0.280000,0.280000,0.280000,30000
2013-12-12,0.280000,0.280000,0.280000,0.280000,0.280000,5000
2013-12-13,0.270000,0.280000,0.270000,0.280000,0.280000,17000
2013-12-16,0.280000,0.280000,0.280000,0.280000,0.280000,15000
2013-12-17,0.300000,0.300000,0.300000,0.300000,0.300000,1000
2013-12-18,0.300000,0.300000,0.300000,0.300000,0.300000,0
2013-12-19,0.300000,0.300000,0.300000,0.300000,0.300000,19000
2013-12-20,0.300000,0.350000,0.300000,0.340000,0.340000,203800
2013-12-23,0.330000,0.330000,0.330000,0.330000,0.330000,800
2013-12-24,0.330000,0.330000,0.330000,0.330000,0.330000,0
2013-12-26,0.330000,0.330000,0.330000,0.330000,0.330000,0
2013-12-27,0.330000,0.330000,0.330000,0.330000,0.330000,2500
2013-12-30,0.270000,0.350000,0.270000,0.350000,0.350000,4500
2013-12-31,0.350000,0.350000,0.340000,0.350000,0.350000,30000
2014-01-02,0.350000,0.350000,0.350000,0.350000,0.350000,0
2014-01-03,0.350000,0.350000,0.350000,0.350000,0.350000,0
2014-01-06,0.350000,0.350000,0.350000,0.350000,0.350000,0
2014-01-07,0.350000,0.350000,0.350000,0.350000,0.350000,0
2014-01-08,0.370000,0.370000,0.370000,0.370000,0.370000,5000
2014-01-09,0.370000,0.370000,0.370000,0.370000,0.370000,0
2014-01-10,0.310000,0.310000,0.310000,0.310000,0.310000,3100
2014-01-13,0.310000,0.310000,0.310000,0.310000,0.310000,0
2014-01-14,0.310000,0.310000,0.310000,0.310000,0.310000,0
2014-01-15,0.310000,0.310000,0.310000,0.310000,0.310000,7000
2014-01-16,0.310000,0.310000,0.310000,0.310000,0.310000,0
2014-01-17,0.310000,0.310000,0.310000,0.310000,0.310000,0
2014-01-21,0.310000,0.310000,0.310000,0.310000,0.310000,0
2014-01-22,0.300000,0.300000,0.300000,0.300000,0.300000,3800
2014-01-23,0.170000,0.310000,0.170000,0.310000,0.310000,2500
2014-01-24,0.310000,0.310000,0.310000,0.310000,0.310000,0
2014-01-27,0.310000,0.310000,0.310000,0.310000,0.310000,0
2014-01-28,0.310000,0.310000,0.310000,0.310000,0.310000,0
2014-01-29,0.310000,0.310000,0.310000,0.310000,0.310000,0
2014-01-30,0.230000,0.230000,0.230000,0.230000,0.230000,1200
2014-01-31,0.300000,0.310000,0.300000,0.310000,0.310000,22700
2014-02-03,0.300000,0.300000,0.300000,0.300000,0.300000,34800
2014-02-04,0.300000,0.300000,0.300000,0.300000,0.300000,0
2014-02-05,0.300000,0.300000,0.300000,0.300000,0.300000,0
2014-02-06,0.300000,0.300000,0.300000,0.300000,0.300000,0
2014-02-07,0.280000,0.300000,0.280000,0.280000,0.280000,182500
2014-02-10,0.280000,0.280000,0.280000,0.280000,0.280000,0
2014-02-11,0.280000,0.280000,0.280000,0.280000,0.280000,0
2014-02-12,0.280000,0.280000,0.280000,0.280000,0.280000,0
2014-02-13,0.250000,0.250000,0.250000,0.250000,0.250000,1000
2014-02-14,0.250000,0.250000,0.250000,0.250000,0.250000,0
2014-02-18,0.250000,0.250000,0.250000,0.250000,0.250000,2000
2014-02-19,0.250000,0.250000,0.250000,0.250000,0.250000,5000
2014-02-20,0.250000,0.250000,0.250000,0.250000,0.250000,6000
2014-02-21,0.260000,0.260000,0.230000,0.230000,0.230000,39500
2014-02-24,0.230000,0.230000,0.210000,0.220000,0.220000,14500
2014-02-25,0.210000,0.210000,0.210000,0.210000,0.210000,9500
2014-02-26,0.210000,0.210000,0.210000,0.210000,0.210000,27000
2014-02-27,0.210000,0.220000,0.210000,0.220000,0.220000,10000
2014-02-28,0.200000,0.230000,0.190000,0.220000,0.220000,65400
2014-03-03,0.200000,0.200000,0.200000,0.200000,0.200000,11000
2014-03-04,0.200000,0.200000,0.200000,0.200000,0.200000,7300
2014-03-05,0.200000,0.200000,0.200000,0.200000,0.200000,10000
2014-03-06,0.200000,0.200000,0.200000,0.200000,0.200000,0
2014-03-07,0.200000,0.200000,0.200000,0.200000,0.200000,0
2014-03-10,0.200000,0.220000,0.200000,0.200000,0.200000,27900
2014-03-11,0.200000,0.200000,0.200000,0.200000,0.200000,48800
2014-03-12,0.200000,0.200000,0.200000,0.200000,0.200000,0
2014-03-13,0.200000,0.200000,0.200000,0.200000,0.200000,400
2014-03-14,0.200000,0.200000,0.200000,0.200000,0.200000,0
2014-03-17,0.170000,0.180000,0.170000,0.170000,0.170000,22000
2014-03-18,0.170000,0.170000,0.140000,0.170000,0.170000,77300
2014-03-19,0.180000,0.180000,0.160000,0.160000,0.160000,20100
2014-03-20,0.180000,0.180000,0.180000,0.180000,0.180000,5000
2014-03-21,0.190000,0.260000,0.190000,0.260000,0.260000,51700
2014-03-24,0.260000,0.260000,0.260000,0.260000,0.260000,0
2014-03-25,0.260000,0.260000,0.260000,0.260000,0.260000,0
2014-03-26,0.220000,0.220000,0.210000,0.210000,0.210000,18000
2014-03-27,0.210000,0.210000,0.200000,0.200000,0.200000,28500
2014-03-28,0.200000,0.200000,0.200000,0.200000,0.200000,4000
2014-03-31,0.200000,0.200000,0.200000,0.200000,0.200000,0
2014-04-01,0.180000,0.180000,0.180000,0.180000,0.180000,25000
2014-04-02,0.180000,0.180000,0.180000,0.180000,0.180000,0
2014-04-03,0.180000,0.180000,0.180000,0.180000,0.180000,0
2014-04-04,0.180000,0.180000,0.180000,0.180000,0.180000,8000
2014-04-07,0.180000,0.180000,0.180000,0.180000,0.180000,15000
2014-04-08,0.190000,0.200000,0.190000,0.200000,0.200000,17500
2014-04-09,0.200000,0.200000,0.200000,0.200000,0.200000,30000
2014-04-10,0.200000,0.200000,0.200000,0.200000,0.200000,0
2014-04-11,0.200000,0.200000,0.200000,0.200000,0.200000,0
2014-04-14,0.200000,0.200000,0.200000,0.200000,0.200000,0
2014-04-15,0.210000,0.210000,0.200000,0.200000,0.200000,13500
2014-04-16,0.200000,0.200000,0.200000,0.200000,0.200000,0
2014-04-17,0.200000,0.200000,0.200000,0.200000,0.200000,22200
2014-04-21,0.200000,0.200000,0.180000,0.180000,0.180000,37300
2014-04-22,0.220000,0.220000,0.220000,0.220000,0.220000,5000
2014-04-23,0.220000,0.220000,0.220000,0.220000,0.220000,0
2014-04-24,0.220000,0.220000,0.220000,0.220000,0.220000,0
2014-04-25,0.220000,0.220000,0.220000,0.220000,0.220000,0
2014-04-28,0.240000,0.240000,0.240000,0.240000,0.240000,1000
2014-04-29,0.240000,0.240000,0.240000,0.240000,0.240000,0
2014-04-30,0.240000,0.240000,0.240000,0.240000,0.240000,0
2014-05-01,0.240000,0.240000,0.240000,0.240000,0.240000,0
2014-05-02,0.240000,0.240000,0.240000,0.240000,0.240000,0
2014-05-05,0.240000,0.240000,0.240000,0.240000,0.240000,0
2014-05-06,0.240000,0.240000,0.240000,0.240000,0.240000,0
2014-05-07,0.240000,0.240000,0.240000,0.240000,0.240000,0
2014-05-08,0.240000,0.240000,0.240000,0.240000,0.240000,0
2014-05-09,0.240000,0.240000,0.240000,0.240000,0.240000,0
2014-05-12,0.240000,0.240000,0.240000,0.240000,0.240000,0
2014-05-13,0.240000,0.240000,0.240000,0.240000,0.240000,0
2014-05-14,0.240000,0.240000,0.240000,0.240000,0.240000,0
2014-05-15,0.230000,0.300000,0.230000,0.300000,0.300000,37500
2014-05-16,0.290000,0.290000,0.280000,0.290000,0.290000,15100
2014-05-19,0.290000,0.290000,0.290000,0.290000,0.290000,0
2014-05-20,0.300000,0.300000,0.300000,0.300000,0.300000,14400
2014-05-21,0.230000,0.300000,0.180000,0.300000,0.300000,19000
2014-05-22,0.440000,0.500000,0.350000,0.350000,0.350000,3600
2014-05-23,0.220000,0.350000,0.220000,0.350000,0.350000,3400
2014-05-27,0.350000,0.350000,0.350000,0.350000,0.350000,0
2014-05-28,0.350000,0.350000,0.350000,0.350000,0.350000,0
2014-05-29,0.350000,0.350000,0.350000,0.350000,0.350000,0
2014-05-30,0.240000,0.240000,0.240000,0.240000,0.240000,1000
2014-06-02,0.230000,0.260000,0.200000,0.250000,0.250000,46500
2014-06-03,0.260000,0.260000,0.260000,0.260000,0.260000,2500
2014-06-04,0.240000,0.260000,0.240000,0.260000,0.260000,3400
2014-06-05,0.260000,0.260000,0.260000,0.260000,0.260000,2500
2014-06-06,0.270000,0.270000,0.250000,0.250000,0.250000,40800
2014-06-09,0.250000,0.250000,0.250000,0.250000,0.250000,2000
2014-06-10,0.250000,0.250000,0.250000,0.250000,0.250000,0
2014-06-11,0.250000,0.250000,0.250000,0.250000,0.250000,0
2014-06-12,0.250000,0.250000,0.250000,0.250000,0.250000,0
2014-06-13,0.250000,0.250000,0.250000,0.250000,0.250000,0
2014-06-16,0.250000,0.250000,0.250000,0.250000,0.250000,5000
2014-06-17,0.250000,0.300000,0.250000,0.300000,0.300000,8400
2014-06-18,0.300000,0.300000,0.300000,0.300000,0.300000,0
2014-06-19,0.260000,0.260000,0.260000,0.260000,0.260000,2100
2014-06-20,0.260000,0.260000,0.260000,0.260000,0.260000,0
2014-06-23,0.260000,0.260000,0.260000,0.260000,0.260000,0
2014-06-24,0.300000,0.300000,0.300000,0.300000,0.300000,2500
2014-06-25,0.290000,0.290000,0.290000,0.290000,0.290000,18500
2014-06-26,0.290000,0.290000,0.290000,0.290000,0.290000,0
2014-06-27,0.290000,0.290000,0.290000,0.290000,0.290000,0
2014-06-30,0.290000,0.290000,0.290000,0.290000,0.290000,0
2014-07-01,0.290000,0.290000,0.290000,0.290000,0.290000,0
2014-07-02,0.280000,0.280000,0.280000,0.280000,0.280000,14000
2014-07-03,0.280000,0.280000,0.280000,0.280000,0.280000,0
2014-07-07,0.280000,0.280000,0.280000,0.280000,0.280000,0
2014-07-08,0.280000,0.280000,0.280000,0.280000,0.280000,0
2014-07-09,0.280000,0.280000,0.280000,0.280000,0.280000,0
2014-07-10,0.280000,0.280000,0.280000,0.280000,0.280000,0
2014-07-11,0.280000,0.280000,0.280000,0.280000,0.280000,0
2014-07-14,0.280000,0.280000,0.280000,0.280000,0.280000,0
2014-07-15,0.290000,0.290000,0.290000,0.290000,0.290000,2500
2014-07-16,0.290000,0.290000,0.290000,0.290000,0.290000,2500
2014-07-17,0.290000,0.290000,0.290000,0.290000,0.290000,0
2014-07-18,0.290000,0.290000,0.290000,0.290000,0.290000,0
2014-07-21,0.280000,0.280000,0.280000,0.280000,0.280000,1300
2014-07-22,0.280000,0.280000,0.280000,0.280000,0.280000,0
2014-07-23,0.280000,0.280000,0.280000,0.280000,0.280000,0
2014-07-24,0.280000,0.280000,0.280000,0.280000,0.280000,0
2014-07-25,0.280000,0.280000,0.280000,0.280000,0.280000,0
2014-07-28,0.280000,0.280000,0.280000,0.280000,0.280000,0
2014-07-29,0.280000,0.280000,0.280000,0.280000,0.280000,0
2014-07-30,0.280000,0.280000,0.280000,0.280000,0.280000,0
2014-07-31,0.280000,0.280000,0.280000,0.280000,0.280000,0
2014-08-01,0.270000,0.270000,0.270000,0.270000,0.270000,10000
2014-08-04,0.270000,0.270000,0.270000,0.270000,0.270000,0
2014-08-05,0.270000,0.270000,0.270000,0.270000,0.270000,0
2014-08-06,0.270000,0.270000,0.270000,0.270000,0.270000,0
2014-08-07,0.260000,0.260000,0.260000,0.260000,0.260000,800
2014-08-08,0.260000,0.260000,0.260000,0.260000,0.260000,0
2014-08-11,0.260000,0.260000,0.260000,0.260000,0.260000,0
2014-08-12,0.250000,0.250000,0.250000,0.250000,0.250000,800
2014-08-13,0.280000,0.280000,0.280000,0.280000,0.280000,500
2014-08-14,0.330000,0.330000,0.330000,0.330000,0.330000,2000
2014-08-15,0.330000,0.330000,0.330000,0.330000,0.330000,0
2014-08-18,0.330000,0.330000,0.330000,0.330000,0.330000,12500
2014-08-19,0.330000,0.330000,0.330000,0.330000,0.330000,12000
2014-08-20,0.330000,0.330000,0.330000,0.330000,0.330000,0
2014-08-21,0.320000,0.320000,0.320000,0.320000,0.320000,1000
2014-08-22,0.320000,0.320000,0.320000,0.320000,0.320000,0
2014-08-25,0.320000,0.320000,0.320000,0.320000,0.320000,2000
2014-08-26,0.320000,0.370000,0.320000,0.370000,0.370000,33000
2014-08-27,0.370000,0.370000,0.370000,0.370000,0.370000,0
2014-08-28,0.320000,0.320000,0.300000,0.300000,0.300000,8000
2014-08-29,0.300000,0.300000,0.300000,0.300000,0.300000,0
2014-09-02,0.330000,0.330000,0.290000,0.300000,0.300000,47000
2014-09-03,0.300000,0.300000,0.300000,0.300000,0.300000,1000
2014-09-04,0.300000,0.300000,0.300000,0.300000,0.300000,0
2014-09-05,0.300000,0.300000,0.300000,0.300000,0.300000,0
2014-09-08,0.300000,0.300000,0.300000,0.300000,0.300000,0
2014-09-09,0.300000,0.300000,0.300000,0.300000,0.300000,0
2014-09-10,0.300000,0.300000,0.300000,0.300000,0.300000,0
2014-09-11,0.300000,0.300000,0.300000,0.300000,0.300000,0
2014-09-12,0.280000,0.330000,0.280000,0.330000,0.330000,8100
2014-09-15,0.330000,0.330000,0.330000,0.330000,0.330000,0
2014-09-16,0.350000,0.350000,0.350000,0.350000,0.350000,12500
2014-09-17,0.350000,0.350000,0.350000,0.350000,0.350000,0
2014-09-18,0.350000,0.350000,0.350000,0.350000,0.350000,0
2014-09-19,0.350000,0.350000,0.350000,0.350000,0.350000,0
2014-09-22,0.350000,0.350000,0.350000,0.350000,0.350000,0
2014-09-23,0.350000,0.350000,0.350000,0.350000,0.350000,0
2014-09-24,0.350000,0.350000,0.350000,0.350000,0.350000,0
2014-09-25,0.350000,0.350000,0.350000,0.350000,0.350000,0
2014-09-26,0.350000,0.350000,0.350000,0.350000,0.350000,0
2014-09-29,0.350000,0.350000,0.350000,0.350000,0.350000,0
2014-09-30,0.350000,0.350000,0.350000,0.350000,0.350000,0
2014-10-01,0.350000,0.350000,0.350000,0.350000,0.350000,0
2014-10-02,0.210000,0.210000,0.210000,0.210000,0.210000,500
2014-10-03,0.370000,0.370000,0.370000,0.370000,0.370000,1000
2014-10-06,0.370000,0.370000,0.370000,0.370000,0.370000,0
2014-10-07,0.370000,0.370000,0.370000,0.370000,0.370000,0
2014-10-08,0.370000,0.370000,0.370000,0.370000,0.370000,0
2014-10-09,0.260000,0.260000,0.260000,0.260000,0.260000,5500
2014-10-10,0.260000,0.260000,0.260000,0.260000,0.260000,2500
2014-10-13,0.260000,0.260000,0.260000,0.260000,0.260000,0
2014-10-14,0.260000,0.260000,0.260000,0.260000,0.260000,0
2014-10-15,0.260000,0.260000,0.260000,0.260000,0.260000,0
2014-10-16,0.260000,0.260000,0.260000,0.260000,0.260000,0
2014-10-17,0.260000,0.260000,0.260000,0.260000,0.260000,0
2014-10-20,0.260000,0.260000,0.260000,0.260000,0.260000,0
2014-10-21,0.260000,0.260000,0.260000,0.260000,0.260000,0
2014-10-22,0.260000,0.260000,0.260000,0.260000,0.260000,0
2014-10-23,0.260000,0.260000,0.260000,0.260000,0.260000,0
2014-10-24,0.260000,0.260000,0.260000,0.260000,0.260000,0
2014-10-27,0.260000,0.260000,0.260000,0.260000,0.260000,0
2014-10-28,0.260000,0.260000,0.260000,0.260000,0.260000,0
2014-10-29,0.260000,0.260000,0.260000,0.260000,0.260000,0
2014-10-30,0.260000,0.260000,0.260000,0.260000,0.260000,0
2014-10-31,0.260000,0.260000,0.260000,0.260000,0.260000,0
2014-11-03,0.260000,0.260000,0.260000,0.260000,0.260000,0
2014-11-04,0.260000,0.260000,0.260000,0.260000,0.260000,0
2014-11-05,0.210000,0.230000,0.190000,0.230000,0.230000,79500
2014-11-06,0.230000,0.230000,0.230000,0.230000,0.230000,0
2014-11-07,0.230000,0.230000,0.230000,0.230000,0.230000,0
2014-11-10,0.230000,0.230000,0.230000,0.230000,0.230000,0
2014-11-11,0.230000,0.230000,0.230000,0.230000,0.230000,0
2014-11-12,0.200000,0.210000,0.200000,0.210000,0.210000,29400
2014-11-13,0.210000,0.210000,0.210000,0.210000,0.210000,0
2014-11-14,0.210000,0.210000,0.210000,0.210000,0.210000,0
2014-11-17,0.210000,0.210000,0.210000,0.210000,0.210000,0
2014-11-18,0.210000,0.210000,0.210000,0.210000,0.210000,0
2014-11-19,0.210000,0.210000,0.210000,0.210000,0.210000,0
2014-11-20,0.300000,0.300000,0.290000,0.290000,0.290000,10000
2014-11-21,0.250000,0.320000,0.250000,0.320000,0.320000,4500
2014-11-24,0.320000,0.320000,0.320000,0.320000,0.320000,0
2014-11-25,0.320000,0.320000,0.320000,0.320000,0.320000,0
2014-11-26,0.320000,0.320000,0.320000,0.320000,0.320000,0
2014-11-28,0.320000,0.320000,0.320000,0.320000,0.320000,0
2014-12-01,0.320000,0.320000,0.320000,0.320000,0.320000,0
2014-12-02,0.220000,0.300000,0.220000,0.300000,0.300000,28600
2014-12-03,0.280000,0.280000,0.280000,0.280000,0.280000,6500
2014-12-04,0.280000,0.280000,0.280000,0.280000,0.280000,0
2014-12-05,0.280000,0.280000,0.280000,0.280000,0.280000,2100
2014-12-08,0.320000,0.320000,0.320000,0.320000,0.320000,100
2014-12-09,0.310000,0.310000,0.310000,0.310000,0.310000,100
2014-12-10,0.310000,0.310000,0.310000,0.310000,0.310000,0
2014-12-11,0.200000,0.250000,0.200000,0.250000,0.250000,7400
2014-12-12,0.250000,0.290000,0.250000,0.290000,0.290000,8100
2014-12-15,0.290000,0.290000,0.290000,0.290000,0.290000,0
2014-12-16,0.290000,0.290000,0.290000,0.290000,0.290000,0
2014-12-17,0.290000,0.290000,0.290000,0.290000,0.290000,0
2014-12-18,0.290000,0.290000,0.290000,0.290000,0.290000,0
2014-12-19,0.210000,0.240000,0.210000,0.240000,0.240000,10400
2014-12-22,0.240000,0.240000,0.240000,0.240000,0.240000,1000
2014-12-23,0.240000,0.260000,0.240000,0.240000,0.240000,10100
2014-12-24,0.260000,0.260000,0.260000,0.260000,0.260000,100
2014-12-26,0.260000,0.260000,0.260000,0.260000,0.260000,0
2014-12-29,0.260000,0.260000,0.260000,0.260000,0.260000,9000
2014-12-30,0.250000,0.280000,0.240000,0.280000,0.280000,105500
2014-12-31,0.280000,0.350000,0.260000,0.260000,0.260000,121400
2015-01-02,0.270000,0.270000,0.270000,0.270000,0.270000,1000
2015-01-05,0.300000,0.300000,0.300000,0.300000,0.300000,25000
2015-01-06,0.300000,0.300000,0.300000,0.300000,0.300000,0
2015-01-07,0.260000,0.280000,0.260000,0.280000,0.280000,200
2015-01-08,0.280000,0.280000,0.280000,0.280000,0.280000,0
2015-01-09,0.240000,0.300000,0.220000,0.300000,0.300000,6000
2015-01-12,0.300000,0.300000,0.300000,0.300000,0.300000,0
2015-01-13,0.300000,0.300000,0.300000,0.300000,0.300000,0
2015-01-14,0.300000,0.300000,0.300000,0.300000,0.300000,0
2015-01-15,0.300000,0.300000,0.300000,0.300000,0.300000,0
2015-01-16,0.300000,0.300000,0.300000,0.300000,0.300000,0
2015-01-20,0.210000,0.260000,0.210000,0.260000,0.260000,2500
2015-01-21,0.260000,0.260000,0.260000,0.260000,0.260000,0
2015-01-22,0.260000,0.280000,0.260000,0.280000,0.280000,24600
2015-01-23,0.250000,0.250000,0.240000,0.250000,0.250000,125000
2015-01-26,0.240000,0.250000,0.240000,0.250000,0.250000,25100
2015-01-27,0.260000,0.260000,0.260000,0.260000,0.260000,500
2015-01-28,0.260000,0.330000,0.260000,0.300000,0.300000,53500
2015-01-29,0.290000,0.290000,0.290000,0.290000,0.290000,10000
2015-01-30,0.250000,0.280000,0.250000,0.280000,0.280000,28900
2015-02-02,0.280000,0.280000,0.280000,0.280000,0.280000,0
2015-02-03,0.290000,0.300000,0.280000,0.290000,0.290000,22600
2015-02-04,0.280000,0.280000,0.280000,0.280000,0.280000,56100
2015-02-05,0.270000,0.270000,0.270000,0.270000,0.270000,18500
2015-02-06,0.270000,0.270000,0.270000,0.270000,0.270000,0
2015-02-09,0.270000,0.270000,0.270000,0.270000,0.270000,5000
2015-02-10,0.270000,0.270000,0.270000,0.270000,0.270000,11000
2015-02-11,0.290000,0.290000,0.290000,0.290000,0.290000,11000
2015-02-12,0.280000,0.280000,0.280000,0.280000,0.280000,13500
2015-02-13,0.290000,0.290000,0.290000,0.290000,0.290000,9000
2015-02-17,0.290000,0.290000,0.290000,0.290000,0.290000,0
2015-02-18,0.290000,0.290000,0.290000,0.290000,0.290000,0
2015-02-19,0.250000,0.290000,0.250000,0.290000,0.290000,15200
2015-02-20,0.290000,0.290000,0.290000,0.290000,0.290000,0
2015-02-23,0.290000,0.290000,0.290000,0.290000,0.290000,0
2015-02-24,0.230000,0.290000,0.230000,0.290000,0.290000,900
2015-02-25,0.280000,0.340000,0.280000,0.340000,0.340000,2200
2015-02-26,0.340000,0.340000,0.340000,0.340000,0.340000,0
2015-02-27,0.340000,0.340000,0.340000,0.340000,0.340000,0
2015-03-02,0.320000,0.320000,0.320000,0.320000,0.320000,500
2015-03-03,0.270000,0.300000,0.270000,0.300000,0.300000,21700
2015-03-04,0.350000,0.350000,0.300000,0.350000,0.350000,154400
2015-03-05,0.330000,0.330000,0.300000,0.300000,0.300000,24100
2015-03-06,0.260000,0.400000,0.260000,0.400000,0.400000,1100
2015-03-09,0.400000,0.400000,0.400000,0.400000,0.400000,0
2015-03-10,0.400000,0.400000,0.400000,0.400000,0.400000,0
2015-03-11,0.400000,0.400000,0.400000,0.400000,0.400000,0
2015-03-12,0.330000,0.340000,0.330000,0.340000,0.340000,200
2015-03-13,0.280000,0.340000,0.270000,0.340000,0.340000,14600
2015-03-16,0.340000,0.340000,0.340000,0.340000,0.340000,0
2015-03-17,0.280000,0.330000,0.280000,0.330000,0.330000,5100
2015-03-18,0.280000,0.300000,0.250000,0.300000,0.300000,35400
2015-03-19,0.290000,0.290000,0.290000,0.290000,0.290000,17100
2015-03-20,0.290000,0.290000,0.290000,0.290000,0.290000,0
2015-03-23,0.300000,0.300000,0.270000,0.270000,0.270000,100000
2015-03-24,0.300000,0.340000,0.300000,0.320000,0.320000,165900
2015-03-25,0.300000,0.330000,0.300000,0.320000,0.320000,20300
2015-03-26,0.320000,0.350000,0.320000,0.340000,0.340000,144400
2015-03-27,0.330000,0.340000,0.320000,0.340000,0.340000,373000
2015-03-30,0.320000,0.340000,0.320000,0.340000,0.340000,2100
2015-03-31,0.340000,0.340000,0.340000,0.340000,0.340000,2600
2015-04-01,0.340000,0.340000,0.340000,0.340000,0.340000,0
2015-04-02,0.320000,0.370000,0.320000,0.370000,0.370000,12500
2015-04-06,0.330000,0.330000,0.300000,0.330000,0.330000,33500
2015-04-07,0.330000,0.350000,0.330000,0.350000,0.350000,105000
2015-04-08,0.350000,0.350000,0.350000,0.350000,0.350000,0
2015-04-09,0.350000,0.390000,0.350000,0.390000,0.390000,800
2015-04-10,0.380000,0.380000,0.380000,0.380000,0.380000,200
2015-04-13,0.330000,0.370000,0.330000,0.370000,0.370000,27700
2015-04-14,0.330000,0.380000,0.330000,0.380000,0.380000,26400
2015-04-15,0.360000,0.380000,0.360000,0.380000,0.380000,5000
2015-04-16,0.380000,0.380000,0.380000,0.380000,0.380000,0
2015-04-17,0.380000,0.380000,0.380000,0.380000,0.380000,0
2015-04-20,0.380000,0.380000,0.380000,0.380000,0.380000,27500
2015-04-21,0.380000,0.380000,0.380000,0.380000,0.380000,0
2015-04-22,0.380000,0.380000,0.380000,0.380000,0.380000,0
2015-04-23,0.400000,0.400000,0.390000,0.390000,0.390000,92500
2015-04-24,0.400000,0.400000,0.380000,0.380000,0.380000,6000
2015-04-27,0.380000,0.380000,0.380000,0.380000,0.380000,0
2015-04-28,0.380000,0.380000,0.380000,0.380000,0.380000,3000
2015-04-29,0.330000,0.390000,0.330000,0.390000,0.390000,50100
2015-04-30,0.370000,0.500000,0.370000,0.500000,0.500000,36700
2015-05-01,0.350000,0.400000,0.350000,0.400000,0.400000,3800
2015-05-04,0.400000,0.400000,0.400000,0.400000,0.400000,0
2015-05-05,0.370000,0.400000,0.370000,0.400000,0.400000,13100
2015-05-06,0.370000,0.370000,0.350000,0.350000,0.350000,34500
2015-05-07,0.350000,0.400000,0.350000,0.400000,0.400000,22600
2015-05-08,0.400000,0.400000,0.400000,0.400000,0.400000,50000
2015-05-11,0.400000,0.400000,0.400000,0.400000,0.400000,1100
2015-05-12,0.400000,0.400000,0.400000,0.400000,0.400000,2000
2015-05-13,0.400000,0.400000,0.400000,0.400000,0.400000,0
2015-05-14,0.400000,0.400000,0.400000,0.400000,0.400000,3000
2015-05-15,0.400000,0.400000,0.400000,0.400000,0.400000,0
2015-05-18,0.400000,0.400000,0.400000,0.400000,0.400000,1000
2015-05-19,0.400000,0.400000,0.400000,0.400000,0.400000,0
2015-05-20,0.400000,0.400000,0.400000,0.400000,0.400000,0
2015-05-21,0.410000,0.410000,0.410000,0.410000,0.410000,800
2015-05-22,0.410000,0.410000,0.410000,0.410000,0.410000,0
2015-05-26,0.370000,0.400000,0.370000,0.400000,0.400000,5500
2015-05-27,0.400000,0.400000,0.400000,0.400000,0.400000,0
2015-05-28,0.390000,0.390000,0.390000,0.390000,0.390000,40000
2015-05-29,0.390000,0.390000,0.390000,0.390000,0.390000,0
2015-06-01,0.400000,0.410000,0.360000,0.400000,0.400000,56500
2015-06-02,0.400000,0.400000,0.390000,0.390000,0.390000,48000
2015-06-03,0.390000,0.390000,0.390000,0.390000,0.390000,0
2015-06-04,0.390000,0.390000,0.390000,0.390000,0.390000,0
2015-06-05,0.390000,0.390000,0.390000,0.390000,0.390000,10000
2015-06-08,0.350000,0.390000,0.350000,0.390000,0.390000,2300
2015-06-09,0.390000,0.390000,0.390000,0.390000,0.390000,0
2015-06-10,0.390000,0.390000,0.390000,0.390000,0.390000,0
2015-06-11,0.390000,0.400000,0.360000,0.390000,0.390000,88600
2015-06-12,0.360000,0.380000,0.330000,0.380000,0.380000,18100
2015-06-15,0.370000,0.380000,0.340000,0.360000,0.360000,74000
2015-06-16,0.380000,0.380000,0.380000,0.380000,0.380000,300
2015-06-17,0.380000,0.380000,0.380000,0.380000,0.380000,0
2015-06-18,0.390000,0.390000,0.370000,0.380000,0.380000,64200
2015-06-19,0.370000,0.410000,0.370000,0.410000,0.410000,26400
2015-06-22,0.340000,0.400000,0.340000,0.400000,0.400000,2700
2015-06-23,0.370000,0.380000,0.370000,0.380000,0.380000,27500
2015-06-24,0.360000,0.370000,0.340000,0.370000,0.370000,22800
2015-06-25,0.370000,0.370000,0.370000,0.370000,0.370000,4000
2015-06-26,0.370000,0.370000,0.370000,0.370000,0.370000,0
2015-06-29,0.350000,0.390000,0.350000,0.390000,0.390000,11600
2015-06-30,0.390000,0.390000,0.380000,0.380000,0.380000,2000
2015-07-01,0.380000,0.380000,0.380000,0.380000,0.380000,0
2015-07-02,0.380000,0.380000,0.380000,0.380000,0.380000,0
2015-07-06,0.380000,0.380000,0.380000,0.380000,0.380000,2500
2015-07-07,0.340000,0.340000,0.340000,0.340000,0.340000,9500
2015-07-08,0.350000,0.350000,0.350000,0.350000,0.350000,1000
2015-07-09,0.350000,0.350000,0.350000,0.350000,0.350000,0
2015-07-10,0.340000,0.340000,0.340000,0.340000,0.340000,2500
2015-07-13,0.340000,0.340000,0.340000,0.340000,0.340000,0
2015-07-14,0.340000,0.340000,0.340000,0.340000,0.340000,0
2015-07-15,0.340000,0.340000,0.340000,0.340000,0.340000,0
2015-07-16,0.340000,0.340000,0.340000,0.340000,0.340000,0
2015-07-17,0.300000,0.350000,0.300000,0.350000,0.350000,2300
2015-07-20,0.350000,0.350000,0.350000,0.350000,0.350000,0
2015-07-21,0.320000,0.350000,0.320000,0.350000,0.350000,12600
2015-07-22,0.300000,0.350000,0.300000,0.350000,0.350000,1600
2015-07-23,0.350000,0.350000,0.350000,0.350000,0.350000,11000
2015-07-24,0.350000,0.350000,0.350000,0.350000,0.350000,0
2015-07-27,0.410000,0.410000,0.410000,0.410000,0.410000,600
2015-07-28,0.410000,0.410000,0.410000,0.410000,0.410000,0
2015-07-29,0.350000,0.350000,0.350000,0.350000,0.350000,50000
2015-07-30,0.300000,0.350000,0.280000,0.350000,0.350000,115800
2015-07-31,0.300000,0.350000,0.300000,0.350000,0.350000,96100
2015-08-03,0.350000,0.350000,0.350000,0.350000,0.350000,0
2015-08-04,0.330000,0.340000,0.280000,0.340000,0.340000,27300
2015-08-05,0.340000,0.340000,0.340000,0.340000,0.340000,0
2015-08-06,0.340000,0.340000,0.340000,0.340000,0.340000,0
2015-08-07,0.280000,0.330000,0.280000,0.330000,0.330000,6100
2015-08-10,0.330000,0.330000,0.330000,0.330000,0.330000,0
2015-08-11,0.330000,0.330000,0.330000,0.330000,0.330000,0
2015-08-12,0.330000,0.330000,0.330000,0.330000,0.330000,0
2015-08-13,0.310000,0.310000,0.270000,0.310000,0.310000,75800
2015-08-14,0.310000,0.310000,0.310000,0.310000,0.310000,0
2015-08-17,0.310000,0.310000,0.310000,0.310000,0.310000,100
2015-08-18,0.310000,0.310000,0.310000,0.310000,0.310000,0
2015-08-19,0.310000,0.310000,0.310000,0.310000,0.310000,0
2015-08-20,0.280000,0.310000,0.200000,0.310000,0.310000,6100
2015-08-21,0.270000,0.310000,0.270000,0.310000,0.310000,1200
2015-08-24,0.310000,0.310000,0.310000,0.310000,0.310000,0
2015-08-25,0.310000,0.360000,0.270000,0.360000,0.360000,13300
2015-08-26,0.360000,0.360000,0.300000,0.300000,0.300000,4100
2015-08-27,0.300000,0.300000,0.300000,0.300000,0.300000,0
2015-08-28,0.290000,0.320000,0.290000,0.320000,0.320000,15000
2015-08-31,0.360000,0.360000,0.360000,0.360000,0.360000,100
2015-09-01,0.360000,0.360000,0.360000,0.360000,0.360000,0
2015-09-02,0.330000,0.330000,0.330000,0.330000,0.330000,200
2015-09-03,0.330000,0.330000,0.330000,0.330000,0.330000,0
2015-09-04,0.200000,0.320000,0.200000,0.320000,0.320000,44100
2015-09-08,0.320000,0.320000,0.320000,0.320000,0.320000,0
2015-09-09,0.320000,0.320000,0.320000,0.320000,0.320000,0
2015-09-10,0.320000,0.320000,0.320000,0.320000,0.320000,0
2015-09-11,0.300000,0.330000,0.300000,0.330000,0.330000,225800
2015-09-14,0.300000,0.330000,0.300000,0.330000,0.330000,108900
2015-09-15,0.330000,0.330000,0.330000,0.330000,0.330000,0
2015-09-16,0.330000,0.330000,0.330000,0.330000,0.330000,0
2015-09-17,0.270000,0.320000,0.270000,0.320000,0.320000,600
2015-09-18,0.300000,0.300000,0.300000,0.300000,0.300000,3400
2015-09-21,0.300000,0.300000,0.300000,0.300000,0.300000,6100
2015-09-22,0.300000,0.300000,0.300000,0.300000,0.300000,0
2015-09-23,0.280000,0.300000,0.280000,0.300000,0.300000,12900
2015-09-24,0.300000,0.330000,0.260000,0.300000,0.300000,65600
2015-09-25,0.280000,0.300000,0.280000,0.300000,0.300000,2000
2015-09-28,0.280000,0.300000,0.280000,0.300000,0.300000,2100
2015-09-29,0.300000,0.300000,0.300000,0.300000,0.300000,0
2015-09-30,0.300000,0.300000,0.300000,0.300000,0.300000,0
2015-10-01,0.300000,0.300000,0.300000,0.300000,0.300000,0
2015-10-02,0.260000,0.290000,0.260000,0.290000,0.290000,18800
2015-10-05,0.280000,0.300000,0.270000,0.300000,0.300000,94200
2015-10-06,0.300000,0.300000,0.300000,0.300000,0.300000,0
2015-10-07,0.280000,0.300000,0.280000,0.300000,0.300000,56700
2015-10-08,0.300000,0.300000,0.300000,0.300000,0.300000,0
2015-10-09,0.300000,0.300000,0.300000,0.300000,0.300000,4300
2015-10-12,0.300000,0.300000,0.300000,0.300000,0.300000,0
2015-10-13,0.300000,0.300000,0.300000,0.300000,0.300000,0
2015-10-14,0.300000,0.300000,0.300000,0.300000,0.300000,0
2015-10-15,0.300000,0.300000,0.300000,0.300000,0.300000,0
2015-10-16,0.300000,0.310000,0.300000,0.310000,0.310000,52300
2015-10-19,0.260000,0.300000,0.260000,0.300000,0.300000,8000
2015-10-20,0.290000,0.310000,0.260000,0.310000,0.310000,43300
2015-10-21,0.310000,0.310000,0.310000,0.310000,0.310000,0
2015-10-22,0.310000,0.310000,0.280000,0.300000,0.300000,118300
2015-10-23,0.290000,0.310000,0.290000,0.300000,0.300000,211600
2015-10-26,0.300000,0.300000,0.300000,0.300000,0.300000,10000
2015-10-27,0.300000,0.300000,0.280000,0.280000,0.280000,49000
2015-10-28,0.300000,0.300000,0.280000,0.290000,0.290000,61900
2015-10-29,0.290000,0.290000,0.290000,0.290000,0.290000,6800
2015-10-30,0.280000,0.300000,0.280000,0.300000,0.300000,2800
2015-11-02,0.270000,0.300000,0.270000,0.300000,0.300000,1500
2015-11-03,0.300000,0.300000,0.300000,0.300000,0.300000,0
2015-11-04,0.300000,0.300000,0.300000,0.300000,0.300000,0
2015-11-05,0.300000,0.300000,0.300000,0.300000,0.300000,0
2015-11-06,0.270000,0.300000,0.270000,0.300000,0.300000,1500
2015-11-09,0.300000,0.300000,0.300000,0.300000,0.300000,0
2015-11-10,0.290000,0.300000,0.290000,0.300000,0.300000,15600
2015-11-11,0.290000,0.300000,0.290000,0.300000,0.300000,4900
2015-11-12,0.300000,0.300000,0.300000,0.300000,0.300000,0
2015-11-13,0.290000,0.300000,0.270000,0.300000,0.300000,10500
2015-11-16,0.280000,0.280000,0.280000,0.280000,0.280000,2000
2015-11-17,0.280000,0.290000,0.260000,0.290000,0.290000,27100
2015-11-18,0.250000,0.280000,0.250000,0.280000,0.280000,13000
2015-11-19,0.280000,0.280000,0.280000,0.280000,0.280000,0
2015-11-20,0.280000,0.280000,0.280000,0.280000,0.280000,0
2015-11-23,0.250000,0.280000,0.250000,0.280000,0.280000,2000
2015-11-24,0.250000,0.250000,0.250000,0.250000,0.250000,500
2015-11-25,0.250000,0.250000,0.220000,0.250000,0.250000,10600
2015-11-27,0.250000,0.250000,0.250000,0.250000,0.250000,0
2015-11-30,0.250000,0.250000,0.250000,0.250000,0.250000,500
2015-12-01,0.250000,0.250000,0.250000,0.250000,0.250000,0
2015-12-02,0.230000,0.290000,0.230000,0.270000,0.270000,30300
2015-12-03,0.270000,0.270000,0.270000,0.270000,0.270000,0
2015-12-04,0.270000,0.270000,0.270000,0.270000,0.270000,500
2015-12-07,0.220000,0.270000,0.200000,0.270000,0.270000,13500
2015-12-08,0.210000,0.250000,0.210000,0.250000,0.250000,18200
2015-12-09,0.250000,0.250000,0.250000,0.250000,0.250000,0
2015-12-10,0.250000,0.250000,0.250000,0.250000,0.250000,0
2015-12-11,0.250000,0.250000,0.250000,0.250000,0.250000,0
2015-12-14,0.220000,0.250000,0.210000,0.250000,0.250000,15700
2015-12-15,0.250000,0.250000,0.250000,0.250000,0.250000,0
2015-12-16,0.220000,0.260000,0.210000,0.260000,0.260000,17000
2015-12-17,0.200000,0.220000,0.180000,0.220000,0.220000,45000
2015-12-18,0.220000,0.220000,0.190000,0.220000,0.220000,67000
2015-12-21,0.220000,0.220000,0.220000,0.220000,0.220000,0
2015-12-22,0.200000,0.220000,0.180000,0.220000,0.220000,32000
2015-12-23,0.190000,0.220000,0.180000,0.220000,0.220000,30400
2015-12-24,0.220000,0.220000,0.220000,0.220000,0.220000,6100
2015-12-28,0.170000,0.300000,0.170000,0.300000,0.300000,9800
2015-12-29,0.220000,0.250000,0.200000,0.250000,0.250000,11800
2015-12-30,0.210000,0.250000,0.210000,0.250000,0.250000,25800
2015-12-31,0.230000,0.250000,0.210000,0.250000,0.250000,8600
2016-01-04,0.230000,0.250000,0.230000,0.250000,0.250000,5600
2016-01-05,0.250000,0.250000,0.250000,0.250000,0.250000,0
2016-01-06,0.250000,0.280000,0.220000,0.280000,0.280000,7900
2016-01-07,0.220000,0.280000,0.210000,0.280000,0.280000,10100
2016-01-08,0.210000,0.280000,0.180000,0.280000,0.280000,20700
2016-01-11,0.150000,0.280000,0.150000,0.280000,0.280000,4000
2016-01-12,0.180000,0.280000,0.180000,0.280000,0.280000,10500
2016-01-13,0.280000,0.280000,0.280000,0.280000,0.280000,0
2016-01-14,0.280000,0.280000,0.280000,0.280000,0.280000,0
2016-01-15,0.280000,0.280000,0.280000,0.280000,0.280000,0
2016-01-19,0.250000,0.250000,0.180000,0.240000,0.240000,1900
2016-01-20,0.160000,0.240000,0.160000,0.240000,0.240000,6000
2016-01-21,0.200000,0.240000,0.200000,0.240000,0.240000,600
2016-01-22,0.240000,0.240000,0.230000,0.230000,0.230000,4000
2016-01-25,0.230000,0.230000,0.230000,0.230000,0.230000,0
2016-01-26,0.230000,0.230000,0.230000,0.230000,0.230000,1000
2016-01-27,0.230000,0.230000,0.230000,0.230000,0.230000,500
2016-01-28,0.230000,0.230000,0.230000,0.230000,0.230000,1000
2016-01-29,0.230000,0.230000,0.230000,0.230000,0.230000,0
2016-02-01,0.160000,0.230000,0.150000,0.200000,0.200000,70700
2016-02-02,0.190000,0.190000,0.160000,0.180000,0.180000,7900
2016-02-03,0.180000,0.230000,0.160000,0.230000,0.230000,24600
2016-02-04,0.190000,0.230000,0.190000,0.230000,0.230000,2000
2016-02-05,0.190000,0.230000,0.150000,0.210000,0.210000,29500
2016-02-08,0.210000,0.210000,0.210000,0.210000,0.210000,0
2016-02-09,0.210000,0.210000,0.210000,0.210000,0.210000,0
2016-02-10,0.210000,0.210000,0.210000,0.210000,0.210000,0
2016-02-11,0.140000,0.190000,0.140000,0.190000,0.190000,13900
2016-02-12,0.190000,0.190000,0.190000,0.190000,0.190000,0
2016-02-16,0.210000,0.210000,0.210000,0.210000,0.210000,500
2016-02-17,0.210000,0.210000,0.210000,0.210000,0.210000,0
2016-02-18,0.130000,0.210000,0.130000,0.200000,0.200000,63500
2016-02-19,0.160000,0.180000,0.160000,0.180000,0.180000,10200
2016-02-22,0.170000,0.190000,0.150000,0.190000,0.190000,17600
2016-02-23,0.190000,0.190000,0.190000,0.190000,0.190000,0
2016-02-24,0.190000,0.190000,0.190000,0.190000,0.190000,1000
2016-02-25,0.190000,0.190000,0.190000,0.190000,0.190000,0
2016-02-26,0.190000,0.190000,0.190000,0.190000,0.190000,6000
2016-02-29,0.160000,0.230000,0.160000,0.230000,0.230000,55100
2016-03-01,0.230000,0.230000,0.230000,0.230000,0.230000,0
2016-03-02,0.230000,0.230000,0.230000,0.230000,0.230000,0
2016-03-03,0.230000,0.230000,0.230000,0.230000,0.230000,0
2016-03-04,0.230000,0.230000,0.230000,0.230000,0.230000,0
2016-03-07,0.230000,0.230000,0.230000,0.230000,0.230000,0
2016-03-08,0.230000,0.230000,0.230000,0.230000,0.230000,0
2016-03-09,0.230000,0.230000,0.230000,0.230000,0.230000,0
2016-03-10,0.230000,0.230000,0.230000,0.230000,0.230000,0
2016-03-11,0.230000,0.230000,0.230000,0.230000,0.230000,0
2016-03-14,0.230000,0.230000,0.230000,0.230000,0.230000,0
2016-03-15,0.230000,0.230000,0.230000,0.230000,0.230000,0
2016-03-16,0.230000,0.230000,0.230000,0.230000,0.230000,0
2016-03-17,0.230000,0.230000,0.230000,0.230000,0.230000,0
2016-03-18,0.230000,0.230000,0.230000,0.230000,0.230000,0
2016-03-21,0.230000,0.230000,0.230000,0.230000,0.230000,0
2016-03-22,0.230000,0.230000,0.230000,0.230000,0.230000,0
2016-03-23,0.230000,0.230000,0.230000,0.230000,0.230000,0
2016-03-24,0.230000,0.230000,0.230000,0.230000,0.230000,0
2016-03-28,0.230000,0.270000,0.230000,0.270000,0.270000,13700
2016-03-29,0.270000,0.270000,0.270000,0.270000,0.270000,0
2016-03-30,0.270000,0.270000,0.270000,0.270000,0.270000,0
2016-03-31,0.270000,0.270000,0.270000,0.270000,0.270000,0
2016-04-01,0.050000,0.050000,0.050000,0.050000,0.050000,5100
2016-04-04,0.270000,0.270000,0.270000,0.270000,0.270000,1000
2016-04-05,0.270000,0.270000,0.270000,0.270000,0.270000,0
2016-04-06,0.270000,0.270000,0.270000,0.270000,0.270000,0
2016-04-07,0.270000,0.270000,0.270000,0.270000,0.270000,0
2016-04-08,0.270000,0.270000,0.270000,0.270000,0.270000,0
2016-04-11,0.270000,0.270000,0.270000,0.270000,0.270000,0
2016-04-12,0.270000,0.270000,0.270000,0.270000,0.270000,0
2016-04-13,0.270000,0.270000,0.270000,0.270000,0.270000,0
2016-04-14,0.270000,0.270000,0.270000,0.270000,0.270000,0
2016-04-15,0.270000,0.270000,0.270000,0.270000,0.270000,0
2016-04-18,0.270000,0.270000,0.270000,0.270000,0.270000,0
2016-04-19,0.270000,0.270000,0.270000,0.270000,0.270000,0
2016-04-20,0.270000,0.270000,0.270000,0.270000,0.270000,0
2016-04-21,0.270000,0.270000,0.270000,0.270000,0.270000,0
2016-04-22,0.270000,0.270000,0.270000,0.270000,0.270000,0
2016-04-25,0.270000,0.270000,0.270000,0.270000,0.270000,0
2016-04-26,0.270000,0.270000,0.270000,0.270000,0.270000,0
2016-04-27,0.270000,0.270000,0.270000,0.270000,0.270000,0
2016-04-28,0.270000,0.270000,0.270000,0.270000,0.270000,0
2016-04-29,0.270000,0.270000,0.270000,0.270000,0.270000,0
2016-05-02,0.270000,0.270000,0.270000,0.270000,0.270000,0
2016-05-03,0.270000,0.270000,0.270000,0.270000,0.270000,0
2016-05-04,0.270000,0.270000,0.270000,0.270000,0.270000,0
2016-05-05,0.270000,0.270000,0.270000,0.270000,0.270000,0
2016-05-06,0.270000,0.270000,0.270000,0.270000,0.270000,0
2016-05-09,0.270000,0.270000,0.270000,0.270000,0.270000,0
2016-05-10,0.260000,0.260000,0.260000,0.260000,0.260000,200
2016-05-11,0.260000,0.260000,0.260000,0.260000,0.260000,0
2016-05-12,0.260000,0.260000,0.260000,0.260000,0.260000,0
2016-05-13,0.260000,0.260000,0.260000,0.260000,0.260000,0
2016-05-16,0.260000,0.260000,0.260000,0.260000,0.260000,0
2016-05-17,0.260000,0.260000,0.260000,0.260000,0.260000,0
2016-05-18,0.260000,0.260000,0.260000,0.260000,0.260000,500
2016-05-19,0.260000,0.260000,0.260000,0.260000,0.260000,0
2016-05-20,0.260000,0.260000,0.260000,0.260000,0.260000,0
2016-05-23,0.260000,0.260000,0.260000,0.260000,0.260000,0
2016-05-24,0.260000,0.260000,0.260000,0.260000,0.260000,0
2016-05-25,0.260000,0.260000,0.260000,0.260000,0.260000,0
2016-05-26,0.260000,0.260000,0.260000,0.260000,0.260000,0
2016-05-27,0.260000,0.260000,0.260000,0.260000,0.260000,0
2016-05-31,0.260000,0.260000,0.260000,0.260000,0.260000,0
2016-06-01,0.240000,0.240000,0.120000,0.240000,0.240000,3600
2016-06-02,0.240000,0.240000,0.240000,0.240000,0.240000,0
2016-06-03,0.240000,0.240000,0.240000,0.240000,0.240000,0
2016-06-06,0.240000,0.240000,0.240000,0.240000,0.240000,0
2016-06-07,0.240000,0.240000,0.240000,0.240000,0.240000,0
2016-06-08,0.050000,0.240000,0.050000,0.240000,0.240000,7000
2016-06-09,0.240000,0.240000,0.240000,0.240000,0.240000,0
2016-06-10,0.240000,0.240000,0.240000,0.240000,0.240000,0
2016-06-13,0.240000,0.240000,0.240000,0.240000,0.240000,0
2016-06-14,0.240000,0.240000,0.240000,0.240000,0.240000,0
2016-06-15,0.240000,0.240000,0.240000,0.240000,0.240000,0
2016-06-16,0.240000,0.240000,0.240000,0.240000,0.240000,0
2016-06-17,0.240000,0.240000,0.240000,0.240000,0.240000,0
2016-06-20,0.240000,0.240000,0.240000,0.240000,0.240000,0
2016-06-21,0.240000,0.240000,0.240000,0.240000,0.240000,0
2016-06-22,0.240000,0.240000,0.240000,0.240000,0.240000,0
2016-06-23,0.240000,0.240000,0.240000,0.240000,0.240000,0
2016-06-24,0.240000,0.240000,0.240000,0.240000,0.240000,0
2016-06-27,0.240000,0.240000,0.240000,0.240000,0.240000,0
2016-06-28,0.240000,0.240000,0.240000,0.240000,0.240000,0
2016-06-29,0.240000,0.240000,0.240000,0.240000,0.240000,0
2016-06-30,0.240000,0.240000,0.240000,0.240000,0.240000,0
2016-07-01,0.240000,0.240000,0.240000,0.240000,0.240000,0
2016-07-05,0.240000,0.240000,0.240000,0.240000,0.240000,0
2016-07-06,0.240000,0.240000,0.240000,0.240000,0.240000,0
2016-07-07,0.240000,0.240000,0.240000,0.240000,0.240000,0
2016-07-08,0.240000,0.240000,0.240000,0.240000,0.240000,0
2016-07-11,0.240000,0.240000,0.240000,0.240000,0.240000,0
2016-07-12,0.240000,0.240000,0.240000,0.240000,0.240000,0
2016-07-13,0.240000,0.240000,0.240000,0.240000,0.240000,0
2016-07-14,0.240000,0.240000,0.240000,0.240000,0.240000,0
2016-07-15,0.240000,0.240000,0.240000,0.240000,0.240000,0
2016-07-18,0.240000,0.240000,0.240000,0.240000,0.240000,0
2016-07-19,0.240000,0.240000,0.240000,0.240000,0.240000,0
2016-07-20,0.240000,0.240000,0.240000,0.240000,0.240000,0
2016-07-21,0.240000,0.240000,0.240000,0.240000,0.240000,0
2016-07-22,0.240000,0.240000,0.240000,0.240000,0.240000,0
2016-07-25,0.240000,0.240000,0.240000,0.240000,0.240000,0
2016-07-26,0.240000,0.240000,0.240000,0.240000,0.240000,0
2016-07-27,0.240000,0.240000,0.240000,0.240000,0.240000,0
2016-07-28,0.240000,0.240000,0.240000,0.240000,0.240000,0
2016-07-29,0.240000,0.240000,0.240000,0.240000,0.240000,0
2016-08-01,0.240000,0.240000,0.240000,0.240000,0.240000,0
2016-08-02,0.240000,0.240000,0.240000,0.240000,0.240000,0
2016-08-03,0.240000,0.240000,0.240000,0.240000,0.240000,0
2016-08-04,0.240000,0.240000,0.240000,0.240000,0.240000,0
2016-08-05,0.240000,0.240000,0.240000,0.240000,0.240000,0
2016-08-08,0.100000,0.200000,0.100000,0.200000,0.200000,50300
2016-08-09,0.200000,0.200000,0.200000,0.200000,0.200000,10000
2016-08-10,0.200000,0.200000,0.200000,0.200000,0.200000,0
2016-08-11,0.140000,0.200000,0.140000,0.200000,0.200000,13000
2016-08-12,0.200000,0.200000,0.200000,0.200000,0.200000,0
2016-08-15,0.200000,0.200000,0.200000,0.200000,0.200000,0
2016-08-16,0.200000,0.200000,0.200000,0.200000,0.200000,0
2016-08-17,0.200000,0.200000,0.200000,0.200000,0.200000,0
2016-08-18,0.200000,0.200000,0.200000,0.200000,0.200000,0
2016-08-19,0.200000,0.200000,0.200000,0.200000,0.200000,0
2016-08-22,0.200000,0.200000,0.200000,0.200000,0.200000,0
2016-08-23,0.200000,0.200000,0.200000,0.200000,0.200000,0
2016-08-24,0.200000,0.200000,0.200000,0.200000,0.200000,0
2016-08-25,0.200000,0.200000,0.200000,0.200000,0.200000,0
2016-08-26,0.200000,0.200000,0.200000,0.200000,0.200000,0
2016-08-29,0.200000,0.200000,0.200000,0.200000,0.200000,0
2016-08-30,0.200000,0.200000,0.200000,0.200000,0.200000,0
2016-08-31,0.200000,0.200000,0.200000,0.200000,0.200000,0
2016-09-01,0.200000,0.200000,0.200000,0.200000,0.200000,0
2016-09-02,0.200000,0.200000,0.200000,0.200000,0.200000,0
2016-09-06,0.200000,0.200000,0.200000,0.200000,0.200000,0
2016-09-07,0.200000,0.200000,0.200000,0.200000,0.200000,0
2016-09-08,0.200000,0.200000,0.200000,0.200000,0.200000,0
2016-09-09,0.200000,0.200000,0.200000,0.200000,0.200000,0
2016-09-12,0.200000,0.200000,0.200000,0.200000,0.200000,0
2016-09-13,0.050000,0.200000,0.050000,0.200000,0.200000,15000
2016-09-14,0.200000,0.200000,0.200000,0.200000,0.200000,0
2016-09-15,0.200000,0.200000,0.200000,0.200000,0.200000,0
2016-09-16,0.200000,0.200000,0.200000,0.200000,0.200000,0
2016-09-19,0.200000,0.200000,0.200000,0.200000,0.200000,0
2016-09-20,0.200000,0.200000,0.200000,0.200000,0.200000,0
2016-09-21,0.200000,0.200000,0.200000,0.200000,0.200000,0
2016-09-22,0.200000,0.200000,0.200000,0.200000,0.200000,0
2016-09-23,0.200000,0.200000,0.200000,0.200000,0.200000,0
2016-09-26,0.200000,0.200000,0.200000,0.200000,0.200000,0
2016-09-27,0.200000,0.200000,0.200000,0.200000,0.200000,0
2016-09-28,0.200000,0.200000,0.200000,0.200000,0.200000,0
2016-09-29,0.200000,0.200000,0.200000,0.200000,0.200000,0
2016-09-30,0.200000,0.200000,0.200000,0.200000,0.200000,0
2016-10-03,0.200000,0.200000,0.200000,0.200000,0.200000,0
2016-10-04,0.200000,0.200000,0.200000,0.200000,0.200000,0
2016-10-05,0.200000,0.200000,0.200000,0.200000,0.200000,0
2016-10-06,0.200000,0.200000,0.200000,0.200000,0.200000,0
2016-10-07,0.200000,0.200000,0.200000,0.200000,0.200000,0
2016-10-10,0.200000,0.200000,0.200000,0.200000,0.200000,0
2016-10-11,0.200000,0.200000,0.200000,0.200000,0.200000,0
2016-10-12,0.200000,0.200000,0.200000,0.200000,0.200000,0
2016-10-13,0.200000,0.200000,0.200000,0.200000,0.200000,0
2016-10-14,0.200000,0.200000,0.200000,0.200000,0.200000,0
2016-10-17,0.200000,0.200000,0.200000,0.200000,0.200000,0
2016-10-18,0.200000,0.200000,0.200000,0.200000,0.200000,0
2016-10-19,0.200000,0.200000,0.200000,0.200000,0.200000,0
2016-10-20,0.200000,0.200000,0.200000,0.200000,0.200000,0
2016-10-21,0.200000,0.200000,0.200000,0.200000,0.200000,0
2016-10-24,0.200000,0.200000,0.200000,0.200000,0.200000,0
2016-10-25,0.200000,0.200000,0.200000,0.200000,0.200000,0
2016-10-26,0.200000,0.200000,0.200000,0.200000,0.200000,0
2016-10-27,0.200000,0.200000,0.200000,0.200000,0.200000,0
2016-10-28,0.120000,0.200000,0.120000,0.200000,0.200000,42500
2016-10-31,0.200000,0.200000,0.200000,0.200000,0.200000,0
2016-11-01,0.200000,0.200000,0.200000,0.200000,0.200000,0
2016-11-02,0.200000,0.200000,0.200000,0.200000,0.200000,0
2016-11-03,0.200000,0.200000,0.200000,0.200000,0.200000,0
2016-11-04,0.200000,0.200000,0.200000,0.200000,0.200000,0
2016-11-07,0.200000,0.200000,0.200000,0.200000,0.200000,0
2016-11-08,0.200000,0.200000,0.200000,0.200000,0.200000,0
2016-11-09,0.200000,0.200000,0.200000,0.200000,0.200000,0
2016-11-10,0.200000,0.200000,0.200000,0.200000,0.200000,0
2016-11-11,0.200000,0.200000,0.200000,0.200000,0.200000,0
2016-11-14,0.200000,0.200000,0.200000,0.200000,0.200000,0
2016-11-15,0.200000,0.200000,0.200000,0.200000,0.200000,0
2016-11-16,0.200000,0.200000,0.200000,0.200000,0.200000,0
2016-11-17,0.200000,0.200000,0.200000,0.200000,0.200000,0
2016-11-18,0.200000,0.200000,0.200000,0.200000,0.200000,0
2016-11-21,0.200000,0.200000,0.200000,0.200000,0.200000,0
2016-11-22,0.200000,0.200000,0.200000,0.200000,0.200000,0
2016-11-23,0.200000,0.200000,0.200000,0.200000,0.200000,0
2016-11-25,0.200000,0.200000,0.200000,0.200000,0.200000,0
2016-11-28,0.200000,0.200000,0.200000,0.200000,0.200000,0
2016-11-29,0.200000,0.200000,0.200000,0.200000,0.200000,0
2016-11-30,0.200000,0.200000,0.200000,0.200000,0.200000,0
2016-12-01,0.200000,0.200000,0.200000,0.200000,0.200000,0
2016-12-02,0.200000,0.200000,0.200000,0.200000,0.200000,0
2016-12-05,0.200000,0.200000,0.200000,0.200000,0.200000,0
2016-12-06,0.200000,0.200000,0.200000,0.200000,0.200000,0
2016-12-07,0.200000,0.200000,0.200000,0.200000,0.200000,0
2016-12-08,0.200000,0.200000,0.200000,0.200000,0.200000,0
2016-12-09,0.200000,0.200000,0.200000,0.200000,0.200000,0
2016-12-12,0.200000,0.200000,0.200000,0.200000,0.200000,0
2016-12-13,0.200000,0.200000,0.200000,0.200000,0.200000,0
2016-12-14,0.200000,0.200000,0.200000,0.200000,0.200000,0
2016-12-15,0.200000,0.200000,0.200000,0.200000,0.200000,0
2016-12-16,0.200000,0.200000,0.200000,0.200000,0.200000,0
2016-12-19,0.200000,0.200000,0.200000,0.200000,0.200000,0
2016-12-20,0.200000,0.200000,0.200000,0.200000,0.200000,0
2016-12-21,0.200000,0.200000,0.200000,0.200000,0.200000,0
2016-12-22,0.200000,0.200000,0.200000,0.200000,0.200000,0
2016-12-23,0.200000,0.200000,0.200000,0.200000,0.200000,0
2016-12-27,0.200000,0.200000,0.200000,0.200000,0.200000,0
2016-12-28,0.200000,0.200000,0.200000,0.200000,0.200000,0
2016-12-29,0.200000,0.200000,0.200000,0.200000,0.200000,0
2016-12-30,0.200000,0.200000,0.200000,0.200000,0.200000,0
2017-01-03,0.200000,0.200000,0.200000,0.200000,0.200000,0
2017-01-04,0.200000,0.200000,0.200000,0.200000,0.200000,0
2017-01-05,0.200000,0.200000,0.200000,0.200000,0.200000,0
2017-01-06,0.120000,0.200000,0.120000,0.120000,0.120000,205000
2017-01-09,0.120000,0.130000,0.120000,0.130000,0.130000,4500
2017-01-10,0.200000,0.200000,0.200000,0.200000,0.200000,9000
2017-01-11,0.120000,0.200000,0.120000,0.200000,0.200000,4000
2017-01-12,0.200000,0.200000,0.200000,0.200000,0.200000,0
2017-01-13,0.200000,0.200000,0.200000,0.200000,0.200000,0
2017-01-17,0.120000,0.120000,0.120000,0.120000,0.120000,2200
2017-01-18,0.200000,0.200000,0.200000,0.200000,0.200000,2000
2017-01-19,0.200000,0.200000,0.200000,0.200000,0.200000,0
2017-01-20,0.200000,0.200000,0.200000,0.200000,0.200000,0
2017-01-23,0.200000,0.200000,0.200000,0.200000,0.200000,0
2017-01-24,0.100000,0.200000,0.100000,0.200000,0.200000,6500
2017-01-25,0.100000,0.200000,0.100000,0.200000,0.200000,1400
2017-01-26,0.200000,0.200000,0.200000,0.200000,0.200000,0
2017-01-27,0.200000,0.200000,0.200000,0.200000,0.200000,0
2017-01-30,0.200000,0.200000,0.200000,0.200000,0.200000,0
2017-01-31,0.090000,0.200000,0.090000,0.200000,0.200000,2200
2017-02-01,0.160000,0.200000,0.100000,0.190000,0.190000,6600
2017-02-02,0.190000,0.190000,0.190000,0.190000,0.190000,0
2017-02-03,0.190000,0.190000,0.190000,0.190000,0.190000,0
2017-02-06,0.190000,0.190000,0.190000,0.190000,0.190000,0
2017-02-07,0.190000,0.190000,0.190000,0.190000,0.190000,0
2017-02-08,0.190000,0.190000,0.190000,0.190000,0.190000,0
2017-02-09,0.190000,0.190000,0.190000,0.190000,0.190000,0
2017-02-10,0.190000,0.190000,0.190000,0.190000,0.190000,0
2017-02-13,0.170000,0.170000,0.170000,0.170000,0.170000,6000
2017-02-14,0.170000,0.170000,0.170000,0.170000,0.170000,0
2017-02-15,0.170000,0.170000,0.170000,0.170000,0.170000,0
2017-02-16,0.170000,0.170000,0.170000,0.170000,0.170000,0
2017-02-17,0.170000,0.170000,0.170000,0.170000,0.170000,0
2017-02-21,0.170000,0.170000,0.170000,0.170000,0.170000,0
2017-02-22,0.170000,0.170000,0.170000,0.170000,0.170000,0
2017-02-23,0.130000,0.130000,0.130000,0.130000,0.130000,88000
2017-02-24,0.140000,0.140000,0.140000,0.140000,0.140000,15000
2017-02-27,0.140000,0.140000,0.140000,0.140000,0.140000,0
2017-02-28,0.140000,0.140000,0.140000,0.140000,0.140000,0
2017-03-01,0.140000,0.140000,0.140000,0.140000,0.140000,0
2017-03-02,0.090000,0.120000,0.090000,0.110000,0.110000,12000
2017-03-03,0.090000,0.120000,0.090000,0.120000,0.120000,22000
2017-03-06,0.110000,0.110000,0.090000,0.110000,0.110000,173200
2017-03-07,0.110000,0.110000,0.110000,0.110000,0.110000,300
2017-03-08,0.110000,0.110000,0.110000,0.110000,0.110000,0
2017-03-09,0.110000,0.110000,0.110000,0.110000,0.110000,0
2017-03-10,0.110000,0.110000,0.110000,0.110000,0.110000,0
2017-03-13,0.110000,0.110000,0.110000,0.110000,0.110000,0
2017-03-14,0.110000,0.110000,0.110000,0.110000,0.110000,0
2017-03-15,0.100000,0.110000,0.100000,0.110000,0.110000,27200
2017-03-16,0.110000,0.110000,0.110000,0.110000,0.110000,0
2017-03-17,0.090000,0.110000,0.090000,0.100000,0.100000,12000
2017-03-20,0.100000,0.100000,0.100000,0.100000,0.100000,0
2017-03-21,0.100000,0.100000,0.100000,0.100000,0.100000,0
2017-03-22,0.100000,0.100000,0.100000,0.100000,0.100000,0
2017-03-23,0.100000,0.100000,0.100000,0.100000,0.100000,0
2017-03-24,0.100000,0.100000,0.100000,0.100000,0.100000,0
2017-03-27,0.100000,0.100000,0.100000,0.100000,0.100000,0
2017-03-28,0.110000,0.110000,0.110000,0.110000,0.110000,1700
2017-03-29,0.110000,0.110000,0.110000,0.110000,0.110000,0
2017-03-30,0.110000,0.110000,0.110000,0.110000,0.110000,0
2017-03-31,0.110000,0.110000,0.110000,0.110000,0.110000,0
2017-04-03,0.110000,0.110000,0.110000,0.110000,0.110000,0
2017-04-04,0.110000,0.110000,0.110000,0.110000,0.110000,0
2017-04-05,0.110000,0.110000,0.110000,0.110000,0.110000,0
2017-04-06,0.090000,0.100000,0.090000,0.100000,0.100000,41000
2017-04-07,0.100000,0.100000,0.100000,0.100000,0.100000,5600
2017-04-10,0.110000,0.110000,0.110000,0.110000,0.110000,1000
2017-04-11,0.110000,0.110000,0.110000,0.110000,0.110000,0
2017-04-12,0.090000,0.110000,0.090000,0.110000,0.110000,1600
2017-04-13,0.110000,0.110000,0.110000,0.110000,0.110000,0
2017-04-17,0.110000,0.110000,0.100000,0.100000,0.100000,1900
2017-04-18,0.100000,0.100000,0.100000,0.100000,0.100000,0
2017-04-19,0.090000,0.090000,0.090000,0.090000,0.090000,3200
2017-04-20,0.090000,0.090000,0.090000,0.090000,0.090000,0
2017-04-21,0.090000,0.100000,0.090000,0.100000,0.100000,6000
2017-04-24,0.080000,0.080000,0.080000,0.080000,0.080000,3500
2017-04-25,0.080000,0.080000,0.080000,0.080000,0.080000,0
2017-04-26,0.080000,0.080000,0.080000,0.080000,0.080000,0
2017-04-27,0.100000,0.100000,0.100000,0.100000,0.100000,1000
2017-04-28,0.100000,0.100000,0.100000,0.100000,0.100000,0
2017-05-01,0.100000,0.100000,0.100000,0.100000,0.100000,0
2017-05-02,0.100000,0.100000,0.100000,0.100000,0.100000,0
2017-05-03,0.100000,0.100000,0.100000,0.100000,0.100000,0
2017-05-04,0.100000,0.100000,0.100000,0.100000,0.100000,0
2017-05-05,0.100000,0.100000,0.100000,0.100000,0.100000,0
2017-05-08,0.100000,0.100000,0.100000,0.100000,0.100000,0
2017-05-09,0.100000,0.100000,0.100000,0.100000,0.100000,1000
2017-05-10,0.080000,0.080000,0.080000,0.080000,0.080000,7200
2017-05-11,0.080000,0.080000,0.080000,0.080000,0.080000,0
2017-05-12,0.080000,0.080000,0.080000,0.080000,0.080000,0
2017-05-15,0.090000,0.090000,0.090000,0.090000,0.090000,300
2017-05-16,0.090000,0.090000,0.090000,0.090000,0.090000,0
2017-05-17,0.090000,0.090000,0.090000,0.090000,0.090000,0
2017-05-18,0.090000,0.090000,0.090000,0.090000,0.090000,0
2017-05-19,0.110000,0.110000,0.110000,0.110000,0.110000,300
2017-05-22,0.110000,0.110000,0.110000,0.110000,0.110000,0
2017-05-23,0.100000,0.100000,0.100000,0.100000,0.100000,300
2017-05-24,0.100000,0.100000,0.100000,0.100000,0.100000,0
2017-05-25,0.140000,0.140000,0.140000,0.140000,0.140000,4500
2017-05-26,0.140000,0.140000,0.140000,0.140000,0.140000,0
2017-05-30,0.140000,0.140000,0.130000,0.140000,0.140000,4800
2017-05-31,0.140000,0.140000,0.140000,0.140000,0.140000,1000
2017-06-01,0.140000,0.140000,0.140000,0.140000,0.140000,0
2017-06-02,0.150000,0.150000,0.150000,0.150000,0.150000,500
2017-06-05,0.150000,0.150000,0.140000,0.140000,0.140000,6800
2017-06-06,0.140000,0.140000,0.140000,0.140000,0.140000,0
2017-06-07,0.140000,0.140000,0.140000,0.140000,0.140000,0
2017-06-08,0.140000,0.140000,0.140000,0.140000,0.140000,0
2017-06-09,0.140000,0.140000,0.140000,0.140000,0.140000,0
2017-06-12,0.140000,0.140000,0.140000,0.140000,0.140000,0
2017-06-13,0.140000,0.140000,0.140000,0.140000,0.140000,0
2017-06-14,0.140000,0.140000,0.140000,0.140000,0.140000,0
2017-06-15,0.140000,0.140000,0.140000,0.140000,0.140000,0
2017-06-16,0.130000,0.130000,0.130000,0.130000,0.130000,600
2017-06-19,0.130000,0.250000,0.110000,0.110000,0.110000,21600
2017-06-20,0.110000,0.110000,0.110000,0.110000,0.110000,0
2017-06-21,0.140000,0.140000,0.140000,0.140000,0.140000,45000
2017-06-22,0.140000,0.140000,0.140000,0.140000,0.140000,0
2017-06-23,0.140000,0.140000,0.140000,0.140000,0.140000,0
2017-06-26,0.140000,0.140000,0.120000,0.120000,0.120000,10100
2017-06-27,0.120000,0.120000,0.120000,0.120000,0.120000,0
2017-06-28,0.120000,0.120000,0.120000,0.120000,0.120000,10000
2017-06-29,0.060000,0.060000,0.060000,0.060000,0.060000,200
2017-06-30,0.100000,0.120000,0.100000,0.120000,0.120000,10800
2017-07-03,0.120000,0.120000,0.120000,0.120000,0.120000,0
2017-07-05,0.120000,0.120000,0.120000,0.120000,0.120000,10000
2017-07-06,0.120000,0.120000,0.120000,0.120000,0.120000,0
2017-07-07,0.120000,0.120000,0.120000,0.120000,0.120000,0
2017-07-10,0.120000,0.120000,0.120000,0.120000,0.120000,10000
2017-07-11,0.120000,0.120000,0.120000,0.120000,0.120000,0
2017-07-12,0.120000,0.120000,0.120000,0.120000,0.120000,0
2017-07-13,0.120000,0.120000,0.120000,0.120000,0.120000,0
2017-07-14,0.120000,0.120000,0.120000,0.120000,0.120000,0
2017-07-17,0.120000,0.120000,0.120000,0.120000,0.120000,0
2017-07-18,0.120000,0.130000,0.120000,0.130000,0.130000,9500
2017-07-19,0.120000,0.120000,0.120000,0.120000,0.120000,600
2017-07-20,0.130000,0.140000,0.120000,0.120000,0.120000,55500
2017-07-21,0.130000,0.130000,0.130000,0.130000,0.130000,500
2017-07-24,0.110000,0.130000,0.110000,0.130000,0.130000,2000
2017-07-25,0.110000,0.130000,0.110000,0.130000,0.130000,400
2017-07-26,0.130000,0.130000,0.130000,0.130000,0.130000,0
2017-07-27,0.150000,0.150000,0.150000,0.150000,0.150000,9000
2017-07-28,0.150000,0.150000,0.130000,0.140000,0.140000,13200
2017-07-31,0.130000,0.140000,0.130000,0.140000,0.140000,2100
2017-08-01,0.140000,0.140000,0.140000,0.140000,0.140000,0
2017-08-02,0.120000,0.130000,0.120000,0.130000,0.130000,6000
2017-08-03,0.110000,0.140000,0.110000,0.140000,0.140000,8500
2017-08-04,0.130000,0.130000,0.130000,0.130000,0.130000,500
2017-08-07,0.130000,0.130000,0.110000,0.130000,0.130000,4500
2017-08-08,0.130000,0.130000,0.130000,0.130000,0.130000,500
2017-08-09,0.130000,0.130000,0.130000,0.130000,0.130000,300
2017-08-10,0.130000,0.130000,0.130000,0.130000,0.130000,0
2017-08-11,0.130000,0.160000,0.130000,0.140000,0.140000,31100
2017-08-14,0.140000,0.140000,0.140000,0.140000,0.140000,0
2017-08-15,0.120000,0.140000,0.120000,0.140000,0.140000,3700
2017-08-16,0.120000,0.140000,0.120000,0.140000,0.140000,9300
2017-08-17,0.140000,0.140000,0.120000,0.140000,0.140000,3500
2017-08-18,0.130000,0.140000,0.110000,0.140000,0.140000,14200
2017-08-21,0.110000,0.120000,0.110000,0.120000,0.120000,50900
2017-08-22,0.110000,0.120000,0.110000,0.120000,0.120000,10700
2017-08-23,0.110000,0.120000,0.110000,0.120000,0.120000,500
2017-08-24,0.110000,0.120000,0.110000,0.120000,0.120000,600
2017-08-25,0.120000,0.130000,0.120000,0.120000,0.120000,10800
2017-08-28,0.120000,0.140000,0.120000,0.130000,0.130000,11400
2017-08-29,0.120000,0.140000,0.120000,0.130000,0.130000,1100
2017-08-30,0.130000,0.130000,0.130000,0.130000,0.130000,0
2017-08-31,0.140000,0.140000,0.120000,0.140000,0.140000,1400
2017-09-01,0.140000,0.140000,0.120000,0.140000,0.140000,2400
2017-09-05,0.120000,0.140000,0.120000,0.140000,0.140000,2000
2017-09-06,0.120000,0.140000,0.120000,0.140000,0.140000,1800
2017-09-07,0.130000,0.140000,0.130000,0.140000,0.140000,900
2017-09-08,0.120000,0.140000,0.120000,0.130000,0.130000,21300
2017-09-11,0.140000,0.150000,0.130000,0.150000,0.150000,59100
2017-09-12,0.130000,0.150000,0.130000,0.140000,0.140000,45800
2017-09-13,0.130000,0.150000,0.130000,0.150000,0.150000,21500
2017-09-14,0.130000,0.150000,0.130000,0.150000,0.150000,16900
2017-09-15,0.150000,0.150000,0.130000,0.150000,0.150000,22700
2017-09-18,0.140000,0.150000,0.140000,0.140000,0.140000,2000
2017-09-19,0.140000,0.150000,0.140000,0.150000,0.150000,1000
2017-09-20,0.130000,0.150000,0.130000,0.150000,0.150000,2100
2017-09-21,0.130000,0.140000,0.130000,0.140000,0.140000,1000
2017-09-22,0.150000,0.150000,0.150000,0.150000,0.150000,500
2017-09-25,0.130000,0.140000,0.130000,0.140000,0.140000,1000
2017-09-26,0.130000,0.140000,0.130000,0.140000,0.140000,1000
2017-09-27,0.130000,0.140000,0.130000,0.140000,0.140000,900
2017-09-28,0.120000,0.140000,0.120000,0.140000,0.140000,900
2017-09-29,0.140000,0.140000,0.130000,0.140000,0.140000,4800
2017-10-02,0.140000,0.140000,0.140000,0.140000,0.140000,2000
2017-10-03,0.140000,0.140000,0.140000,0.140000,0.140000,0
2017-10-04,0.140000,0.140000,0.130000,0.140000,0.140000,2000
2017-10-05,0.140000,0.140000,0.120000,0.140000,0.140000,10500
2017-10-06,0.140000,0.140000,0.140000,0.140000,0.140000,0
2017-10-09,0.140000,0.140000,0.140000,0.140000,0.140000,41400
2017-10-10,0.130000,0.140000,0.130000,0.140000,0.140000,16200
2017-10-11,0.140000,0.150000,0.140000,0.150000,0.150000,12400
2017-10-12,0.140000,0.140000,0.140000,0.140000,0.140000,1900
2017-10-13,0.120000,0.150000,0.120000,0.150000,0.150000,67300
2017-10-16,0.120000,0.150000,0.110000,0.150000,0.150000,21300
2017-10-17,0.140000,0.150000,0.140000,0.150000,0.150000,900
2017-10-18,0.150000,0.150000,0.130000,0.150000,0.150000,1800
2017-10-19,0.130000,0.150000,0.130000,0.150000,0.150000,900
2017-10-20,0.130000,0.150000,0.130000,0.150000,0.150000,23000
2017-10-23,0.120000,0.150000,0.120000,0.140000,0.140000,12600
2017-10-24,0.150000,0.150000,0.130000,0.140000,0.140000,2600
2017-10-25,0.140000,0.140000,0.130000,0.140000,0.140000,1500
2017-10-26,0.140000,0.140000,0.140000,0.140000,0.140000,16500
2017-10-27,0.140000,0.140000,0.140000,0.140000,0.140000,12600
2017-10-30,0.140000,0.140000,0.130000,0.140000,0.140000,1300
2017-10-31,0.130000,0.140000,0.130000,0.140000,0.140000,2200
2017-11-01,0.130000,0.140000,0.130000,0.140000,0.140000,2300
2017-11-02,0.130000,0.140000,0.130000,0.140000,0.140000,13300
2017-11-03,0.130000,0.150000,0.130000,0.150000,0.150000,16000
2017-11-06,0.140000,0.150000,0.140000,0.150000,0.150000,1000
2017-11-07,0.110000,0.140000,0.110000,0.140000,0.140000,2000
2017-11-08,0.120000,0.130000,0.120000,0.130000,0.130000,114500
2017-11-09,0.130000,0.140000,0.110000,0.130000,0.130000,99100
2017-11-10,0.140000,0.140000,0.130000,0.140000,0.140000,21500
2017-11-13,0.130000,0.140000,0.130000,0.140000,0.140000,900
2017-11-14,0.120000,0.140000,0.120000,0.140000,0.140000,1000
2017-11-15,0.110000,0.130000,0.110000,0.130000,0.130000,1500
2017-11-16,0.130000,0.140000,0.130000,0.140000,0.140000,1000
2017-11-17,0.120000,0.140000,0.120000,0.140000,0.140000,3000
2017-11-20,0.120000,0.150000,0.120000,0.150000,0.150000,47500
2017-11-21,0.140000,0.150000,0.130000,0.150000,0.150000,31100
2017-11-22,0.120000,0.150000,0.120000,0.150000,0.150000,800
2017-11-24,0.140000,0.150000,0.140000,0.150000,0.150000,6000
2017-11-27,0.120000,0.150000,0.120000,0.150000,0.150000,600
2017-11-28,0.150000,0.150000,0.120000,0.150000,0.150000,1200
2017-11-29,0.140000,0.140000,0.120000,0.140000,0.140000,25600
2017-11-30,0.120000,0.140000,0.120000,0.140000,0.140000,29700
2017-12-01,0.140000,0.140000,0.140000,0.140000,0.140000,500
2017-12-04,0.140000,0.140000,0.140000,0.140000,0.140000,100
2017-12-05,0.140000,0.140000,0.140000,0.140000,0.140000,10200
2017-12-06,0.140000,0.140000,0.120000,0.140000,0.140000,1500
2017-12-07,0.140000,0.140000,0.140000,0.140000,0.140000,200
2017-12-08,0.140000,0.140000,0.140000,0.140000,0.140000,100
2017-12-11,0.140000,0.140000,0.140000,0.140000,0.140000,100
2017-12-12,0.140000,0.140000,0.140000,0.140000,0.140000,200
2017-12-13,0.140000,0.140000,0.120000,0.140000,0.140000,12700
2017-12-14,0.140000,0.140000,0.110000,0.130000,0.130000,199700
2017-12-15,0.130000,0.140000,0.110000,0.140000,0.140000,53100
2017-12-18,0.130000,0.130000,0.130000,0.130000,0.130000,600
2017-12-19,0.130000,0.140000,0.120000,0.140000,0.140000,36000
2017-12-20,0.140000,0.140000,0.140000,0.140000,0.140000,6500
2017-12-21,0.140000,0.140000,0.140000,0.140000,0.140000,16800
2017-12-22,0.120000,0.140000,0.120000,0.140000,0.140000,1400
2017-12-26,0.140000,0.140000,0.140000,0.140000,0.140000,14500
2017-12-27,0.140000,0.140000,0.130000,0.140000,0.140000,600
2017-12-28,0.130000,0.140000,0.110000,0.140000,0.140000,42200
2017-12-29,0.140000,0.140000,0.140000,0.140000,0.140000,3700
2018-01-02,0.140000,0.140000,0.140000,0.140000,0.140000,98900
2018-01-03,0.140000,0.140000,0.130000,0.140000,0.140000,71300
2018-01-04,0.140000,0.140000,0.140000,0.140000,0.140000,37500
2018-01-05,0.140000,0.160000,0.140000,0.160000,0.160000,146100
2018-01-08,0.170000,0.170000,0.160000,0.170000,0.170000,43900
2018-01-09,0.170000,0.170000,0.170000,0.170000,0.170000,10500
2018-01-10,0.170000,0.170000,0.170000,0.170000,0.170000,16000
2018-01-11,0.170000,0.170000,0.170000,0.170000,0.170000,9600
2018-01-12,0.160000,0.160000,0.160000,0.160000,0.160000,26000
2018-01-16,0.160000,0.160000,0.160000,0.160000,0.160000,0
2018-01-17,0.150000,0.150000,0.140000,0.140000,0.140000,32500
2018-01-18,0.140000,0.150000,0.140000,0.150000,0.150000,6000
2018-01-19,0.150000,0.150000,0.150000,0.150000,0.150000,500
2018-01-22,0.150000,0.160000,0.150000,0.160000,0.160000,1100
2018-01-23,0.150000,0.150000,0.150000,0.150000,0.150000,16500
2018-01-24,0.160000,0.160000,0.160000,0.160000,0.160000,15000
2018-01-25,0.160000,0.160000,0.140000,0.160000,0.160000,12100
2018-01-26,0.160000,0.160000,0.150000,0.160000,0.160000,77000
2018-01-29,0.140000,0.160000,0.140000,0.160000,0.160000,26300
2018-01-30,0.160000,0.160000,0.160000,0.160000,0.160000,0
2018-01-31,0.130000,0.160000,0.130000,0.160000,0.160000,4000
2018-02-01,0.130000,0.150000,0.130000,0.150000,0.150000,25700
2018-02-02,0.160000,0.160000,0.130000,0.150000,0.150000,12400
2018-02-05,0.150000,0.170000,0.120000,0.160000,0.160000,22900
2018-02-06,0.140000,0.160000,0.120000,0.160000,0.160000,18700
2018-02-07,0.150000,0.150000,0.130000,0.150000,0.150000,98500
2018-02-08,0.140000,0.150000,0.140000,0.150000,0.150000,37500
2018-02-09,0.130000,0.150000,0.130000,0.150000,0.150000,86000
2018-02-12,0.160000,0.170000,0.140000,0.160000,0.160000,14600
2018-02-13,0.150000,0.150000,0.150000,0.150000,0.150000,1000
2018-02-14,0.150000,0.150000,0.150000,0.150000,0.150000,0
2018-02-15,0.150000,0.150000,0.150000,0.150000,0.150000,1000
2018-02-16,0.150000,0.150000,0.150000,0.150000,0.150000,10200
2018-02-20,0.160000,0.160000,0.160000,0.160000,0.160000,5000
2018-02-21,0.160000,0.160000,0.140000,0.150000,0.150000,32700
2018-02-22,0.150000,0.150000,0.150000,0.150000,0.150000,1000
2018-02-23,0.150000,0.150000,0.150000,0.150000,0.150000,0
2018-02-26,0.160000,0.160000,0.160000,0.160000,0.160000,500
2018-02-27,0.150000,0.160000,0.130000,0.160000,0.160000,10600
2018-02-28,0.140000,0.150000,0.140000,0.150000,0.150000,20000
2018-03-01,0.150000,0.150000,0.150000,0.150000,0.150000,0
2018-03-02,0.160000,0.160000,0.140000,0.140000,0.140000,16400
2018-03-05,0.150000,0.150000,0.150000,0.150000,0.150000,500
2018-03-06,0.150000,0.150000,0.150000,0.150000,0.150000,13000
2018-03-07,0.150000,0.150000,0.150000,0.150000,0.150000,1500
2018-03-08,0.150000,0.160000,0.150000,0.160000,0.160000,73200
2018-03-09,0.130000,0.160000,0.130000,0.160000,0.160000,18500
2018-03-12,0.160000,0.160000,0.160000,0.160000,0.160000,0
2018-03-13,0.130000,0.160000,0.130000,0.160000,0.160000,4600
2018-03-14,0.160000,0.160000,0.160000,0.160000,0.160000,500
2018-03-15,0.160000,0.160000,0.160000,0.160000,0.160000,1000
2018-03-16,0.150000,0.160000,0.120000,0.150000,0.150000,12500
2018-03-19,0.160000,0.160000,0.160000,0.160000,0.160000,1500
2018-03-20,0.150000,0.150000,0.150000,0.150000,0.150000,2000
2018-03-21,0.150000,0.150000,0.150000,0.150000,0.150000,0
2018-03-22,0.160000,0.160000,0.140000,0.150000,0.150000,3500
2018-03-23,0.160000,0.160000,0.160000,0.160000,0.160000,1000
2018-03-26,0.160000,0.160000,0.160000,0.160000,0.160000,700
2018-03-27,0.160000,0.160000,0.160000,0.160000,0.160000,0
2018-03-28,0.160000,0.160000,0.130000,0.150000,0.150000,5500
2018-03-29,0.160000,0.160000,0.150000,0.150000,0.150000,1500
2018-04-02,0.160000,0.160000,0.150000,0.150000,0.150000,20500
2018-04-03,0.160000,0.160000,0.160000,0.160000,0.160000,500
2018-04-04,0.160000,0.160000,0.160000,0.160000,0.160000,500
2018-04-05,0.150000,0.160000,0.140000,0.150000,0.150000,5800
2018-04-06,0.160000,0.160000,0.160000,0.160000,0.160000,2000
2018-04-09,0.160000,0.160000,0.160000,0.160000,0.160000,0
2018-04-10,0.160000,0.160000,0.140000,0.160000,0.160000,10400
2018-04-11,0.160000,0.160000,0.140000,0.160000,0.160000,31700
2018-04-12,0.150000,0.150000,0.140000,0.150000,0.150000,31000
2018-04-13,0.150000,0.160000,0.140000,0.150000,0.150000,13000
2018-04-16,0.170000,0.170000,0.150000,0.160000,0.160000,49300
2018-04-17,0.160000,0.160000,0.150000,0.160000,0.160000,20700
2018-04-18,0.160000,0.160000,0.160000,0.160000,0.160000,0
2018-04-19,0.170000,0.170000,0.130000,0.170000,0.170000,16200
2018-04-20,0.170000,0.170000,0.160000,0.170000,0.170000,26500
2018-04-23,0.170000,0.170000,0.170000,0.170000,0.170000,20500
2018-04-24,0.170000,0.170000,0.170000,0.170000,0.170000,15500
2018-04-25,0.170000,0.170000,0.170000,0.170000,0.170000,10000
2018-04-26,0.170000,0.170000,0.170000,0.170000,0.170000,500
2018-04-27,0.170000,0.170000,0.160000,0.170000,0.170000,11400
2018-04-30,0.170000,0.170000,0.160000,0.170000,0.170000,26000
2018-05-01,0.160000,0.160000,0.160000,0.160000,0.160000,1200
2018-05-02,0.170000,0.170000,0.160000,0.170000,0.170000,12200
2018-05-03,0.170000,0.170000,0.170000,0.170000,0.170000,19000
2018-05-04,0.180000,0.180000,0.170000,0.180000,0.180000,14800
2018-05-07,0.170000,0.170000,0.160000,0.170000,0.170000,13200
2018-05-08,0.160000,0.180000,0.160000,0.180000,0.180000,700
2018-05-09,0.180000,0.190000,0.180000,0.190000,0.190000,7600
2018-05-10,0.190000,0.190000,0.190000,0.190000,0.190000,4500
2018-05-11,0.170000,0.170000,0.170000,0.170000,0.170000,12500
2018-05-14,0.190000,0.190000,0.190000,0.190000,0.190000,500
2018-05-15,0.190000,0.190000,0.190000,0.190000,0.190000,0
2018-05-16,0.180000,0.180000,0.180000,0.180000,0.180000,500
2018-05-17,0.170000,0.170000,0.150000,0.170000,0.170000,29100
2018-05-18,0.180000,0.180000,0.150000,0.160000,0.160000,36000
2018-05-21,0.180000,0.180000,0.180000,0.180000,0.180000,500
2018-05-22,0.180000,0.180000,0.180000,0.180000,0.180000,1000
2018-05-23,0.180000,0.180000,0.180000,0.180000,0.180000,1000
2018-05-24,0.180000,0.180000,0.180000,0.180000,0.180000,0
2018-05-25,0.180000,0.180000,0.140000,0.170000,0.170000,6300
2018-05-29,0.170000,0.170000,0.160000,0.170000,0.170000,20300
2018-05-30,0.170000,0.170000,0.170000,0.170000,0.170000,0
2018-05-31,0.170000,0.170000,0.170000,0.170000,0.170000,500
2018-06-01,0.170000,0.170000,0.170000,0.170000,0.170000,500
2018-06-04,0.170000,0.170000,0.160000,0.170000,0.170000,36900
2018-06-05,0.170000,0.170000,0.170000,0.170000,0.170000,0
2018-06-06,0.170000,0.170000,0.170000,0.170000,0.170000,0
2018-06-07,0.190000,0.190000,0.180000,0.180000,0.180000,900
2018-06-08,0.180000,0.180000,0.180000,0.180000,0.180000,0
2018-06-11,0.190000,0.190000,0.180000,0.180000,0.180000,4500
2018-06-12,0.150000,0.190000,0.150000,0.170000,0.170000,21000
2018-06-13,0.150000,0.160000,0.150000,0.160000,0.160000,16500
2018-06-14,0.160000,0.160000,0.160000,0.160000,0.160000,55000
2018-06-15,0.160000,0.160000,0.160000,0.160000,0.160000,0
2018-06-18,0.170000,0.170000,0.150000,0.170000,0.170000,5500
2018-06-19,0.170000,0.170000,0.170000,0.170000,0.170000,0
2018-06-20,0.170000,0.170000,0.140000,0.170000,0.170000,3500
2018-06-21,0.160000,0.170000,0.160000,0.170000,0.170000,19500
2018-06-22,0.170000,0.170000,0.170000,0.170000,0.170000,0
2018-06-25,0.170000,0.170000,0.170000,0.170000,0.170000,0
2018-06-26,0.160000,0.160000,0.160000,0.160000,0.160000,500
2018-06-27,0.130000,0.150000,0.130000,0.150000,0.150000,79700
2018-06-28,0.150000,0.150000,0.150000,0.150000,0.150000,0
2018-06-29,0.170000,0.170000,0.150000,0.160000,0.160000,2000
2018-07-02,0.120000,0.150000,0.120000,0.150000,0.150000,2500
2018-07-03,0.180000,0.180000,0.180000,0.180000,0.180000,500
2018-07-05,0.150000,0.150000,0.150000,0.150000,0.150000,5000
2018-07-06,0.150000,0.160000,0.150000,0.160000,0.160000,9900
2018-07-09,0.160000,0.170000,0.160000,0.170000,0.170000,12000
2018-07-10,0.160000,0.180000,0.140000,0.180000,0.180000,76000
2018-07-11,0.180000,0.180000,0.140000,0.170000,0.170000,92300
2018-07-12,0.170000,0.170000,0.140000,0.160000,0.160000,151000
2018-07-13,0.170000,0.170000,0.170000,0.170000,0.170000,1500
2018-07-16,0.150000,0.160000,0.140000,0.150000,0.150000,242500
2018-07-17,0.140000,0.140000,0.130000,0.140000,0.140000,15100
2018-07-18,0.140000,0.150000,0.130000,0.150000,0.150000,9700
2018-07-19,0.150000,0.150000,0.150000,0.150000,0.150000,1000
2018-07-20,0.140000,0.150000,0.140000,0.150000,0.150000,10500
2018-07-23,0.140000,0.150000,0.130000,0.140000,0.140000,44000
2018-07-24,0.150000,0.150000,0.130000,0.140000,0.140000,30600
2018-07-25,0.140000,0.140000,0.140000,0.140000,0.140000,0
2018-07-26,0.140000,0.160000,0.140000,0.160000,0.160000,29600
2018-07-27,0.160000,0.170000,0.160000,0.170000,0.170000,4900
2018-07-30,0.160000,0.170000,0.130000,0.170000,0.170000,19800
2018-07-31,0.170000,0.170000,0.160000,0.170000,0.170000,1100
2018-08-01,0.150000,0.170000,0.150000,0.170000,0.170000,10500
2018-08-02,0.160000,0.160000,0.160000,0.160000,0.160000,900
2018-08-03,0.140000,0.150000,0.140000,0.150000,0.150000,5800
2018-08-06,0.130000,0.150000,0.130000,0.150000,0.150000,1100
2018-08-07,0.130000,0.150000,0.130000,0.150000,0.150000,4500
2018-08-08,0.130000,0.140000,0.130000,0.140000,0.140000,1500
2018-08-09,0.150000,0.150000,0.150000,0.150000,0.150000,4900
2018-08-10,0.150000,0.150000,0.150000,0.150000,0.150000,0
2018-08-13,0.150000,0.150000,0.150000,0.150000,0.150000,500
2018-08-14,0.150000,0.150000,0.150000,0.150000,0.150000,0
2018-08-15,0.130000,0.150000,0.130000,0.150000,0.150000,7500
2018-08-16,0.130000,0.150000,0.130000,0.150000,0.150000,3500
2018-08-17,0.130000,0.150000,0.130000,0.150000,0.150000,2100
2018-08-20,0.140000,0.150000,0.140000,0.150000,0.150000,7500
2018-08-21,0.140000,0.150000,0.140000,0.150000,0.150000,3000
2018-08-22,0.130000,0.150000,0.130000,0.150000,0.150000,4500
2018-08-23,0.130000,0.150000,0.130000,0.150000,0.150000,6300
2018-08-24,0.150000,0.150000,0.150000,0.150000,0.150000,500
2018-08-27,0.150000,0.150000,0.150000,0.150000,0.150000,0
2018-08-28,0.150000,0.150000,0.150000,0.150000,0.150000,1000
2018-08-29,0.130000,0.150000,0.130000,0.150000,0.150000,6500
2018-08-30,0.150000,0.150000,0.150000,0.150000,0.150000,500
2018-08-31,0.150000,0.150000,0.150000,0.150000,0.150000,500
2018-09-04,0.120000,0.150000,0.120000,0.140000,0.140000,2600
2018-09-05,0.140000,0.140000,0.140000,0.140000,0.140000,600
2018-09-06,0.150000,0.150000,0.120000,0.150000,0.150000,11400
2018-09-07,0.150000,0.150000,0.140000,0.140000,0.140000,36800
2018-09-10,0.150000,0.150000,0.150000,0.150000,0.150000,10500
2018-09-11,0.150000,0.150000,0.150000,0.150000,0.150000,2000
2018-09-12,0.150000,0.150000,0.150000,0.150000,0.150000,500
2018-09-13,0.130000,0.130000,0.130000,0.130000,0.130000,800
2018-09-14,0.150000,0.150000,0.150000,0.150000,0.150000,12000
2018-09-17,0.150000,0.150000,0.150000,0.150000,0.150000,500
2018-09-18,0.150000,0.150000,0.150000,0.150000,0.150000,200
2018-09-19,0.150000,0.150000,0.150000,0.150000,0.150000,10500
2018-09-20,0.130000,0.150000,0.130000,0.150000,0.150000,2000
2018-09-21,0.120000,0.150000,0.120000,0.150000,0.150000,19500
2018-09-24,0.140000,0.150000,0.140000,0.150000,0.150000,10500
2018-09-25,0.150000,0.150000,0.150000,0.150000,0.150000,0
2018-09-26,0.150000,0.150000,0.150000,0.150000,0.150000,200
2018-09-27,0.150000,0.150000,0.150000,0.150000,0.150000,0
2018-09-28,0.150000,0.150000,0.150000,0.150000,0.150000,500
2018-10-01,0.150000,0.150000,0.150000,0.150000,0.150000,0
2018-10-02,0.140000,0.140000,0.140000,0.140000,0.140000,100
2018-10-03,0.140000,0.140000,0.140000,0.140000,0.140000,10000
2018-10-04,0.130000,0.140000,0.130000,0.140000,0.140000,23000
2018-10-05,0.140000,0.140000,0.140000,0.140000,0.140000,0
2018-10-08,0.130000,0.140000,0.130000,0.140000,0.140000,47400
2018-10-09,0.140000,0.150000,0.140000,0.150000,0.150000,51800
2018-10-10,0.150000,0.150000,0.150000,0.150000,0.150000,500
2018-10-11,0.150000,0.150000,0.150000,0.150000,0.150000,0
2018-10-12,0.150000,0.150000,0.150000,0.150000,0.150000,0
2018-10-15,0.140000,0.140000,0.140000,0.140000,0.140000,20500
2018-10-16,0.140000,0.140000,0.130000,0.140000,0.140000,6000
2018-10-17,0.140000,0.140000,0.140000,0.140000,0.140000,2000
2018-10-18,0.150000,0.150000,0.140000,0.140000,0.140000,900
2018-10-19,0.140000,0.140000,0.120000,0.140000,0.140000,12000
2018-10-22,0.140000,0.140000,0.120000,0.140000,0.140000,11500
2018-10-23,0.120000,0.140000,0.120000,0.140000,0.140000,10300
2018-10-24,0.150000,0.150000,0.150000,0.150000,0.150000,500
2018-10-25,0.150000,0.150000,0.150000,0.150000,0.150000,0
2018-10-26,0.140000,0.140000,0.140000,0.140000,0.140000,15000
2018-10-29,0.140000,0.150000,0.120000,0.140000,0.140000,117000
2018-10-30,0.140000,0.140000,0.140000,0.140000,0.140000,500
2018-10-31,0.170000,0.170000,0.140000,0.140000,0.140000,12000
2018-11-01,0.140000,0.170000,0.140000,0.170000,0.170000,116100
2018-11-02,0.140000,0.170000,0.140000,0.170000,0.170000,32500
2018-11-05,0.140000,0.140000,0.130000,0.140000,0.140000,10500
2018-11-06,0.140000,0.140000,0.130000,0.140000,0.140000,6400
2018-11-07,0.140000,0.140000,0.140000,0.140000,0.140000,7400
2018-11-08,0.140000,0.140000,0.140000,0.140000,0.140000,1400
2018-11-09,0.140000,0.140000,0.140000,0.140000,0.140000,25400
2018-11-12,0.140000,0.180000,0.140000,0.170000,0.170000,632900
2018-11-13,0.160000,0.160000,0.160000,0.160000,0.160000,13700
2018-11-14,0.160000,0.160000,0.160000,0.160000,0.160000,101000
2018-11-15,0.160000,0.160000,0.160000,0.160000,0.160000,600
2018-11-16,0.160000,0.160000,0.150000,0.160000,0.160000,31000
2018-11-19,0.160000,0.160000,0.150000,0.160000,0.160000,15500
2018-11-20,0.160000,0.160000,0.160000,0.160000,0.160000,100
2018-11-21,0.140000,0.160000,0.140000,0.160000,0.160000,11700
2018-11-23,0.160000,0.160000,0.160000,0.160000,0.160000,500
2018-11-26,0.160000,0.160000,0.160000,0.160000,0.160000,2600
2018-11-27,0.160000,0.160000,0.160000,0.160000,0.160000,0
2018-11-28,0.160000,0.160000,0.150000,0.150000,0.150000,2500
2018-11-29,0.150000,0.160000,0.150000,0.160000,0.160000,3000
2018-11-30,0.160000,0.160000,0.160000,0.160000,0.160000,2500
2018-12-03,0.160000,0.160000,0.160000,0.160000,0.160000,3000
2018-12-04,0.160000,0.160000,0.140000,0.160000,0.160000,5900
2018-12-06,0.160000,0.160000,0.140000,0.160000,0.160000,10300
2018-12-07,0.150000,0.150000,0.150000,0.150000,0.150000,5100
2018-12-10,0.150000,0.150000,0.150000,0.150000,0.150000,4000
2018-12-11,0.150000,0.150000,0.150000,0.150000,0.150000,4100
2018-12-12,0.160000,0.160000,0.130000,0.150000,0.150000,11400
2018-12-13,0.140000,0.150000,0.130000,0.150000,0.150000,37900
2018-12-14,0.150000,0.150000,0.150000,0.150000,0.150000,0
2018-12-17,0.160000,0.160000,0.160000,0.160000,0.160000,3200
2018-12-18,0.150000,0.150000,0.120000,0.150000,0.150000,8000
2018-12-19,0.150000,0.150000,0.150000,0.150000,0.150000,1500
2018-12-20,0.150000,0.150000,0.150000,0.150000,0.150000,0
2018-12-21,0.150000,0.150000,0.150000,0.150000,0.150000,500
2018-12-24,0.150000,0.150000,0.150000,0.150000,0.150000,9600
2018-12-26,0.150000,0.150000,0.150000,0.150000,0.150000,0
2018-12-27,0.150000,0.150000,0.150000,0.150000,0.150000,1600
2018-12-28,0.130000,0.150000,0.130000,0.150000,0.150000,5500
2018-12-31,0.130000,0.150000,0.130000,0.150000,0.150000,800
2019-01-02,0.150000,0.150000,0.150000,0.150000,0.150000,0
2019-01-03,0.150000,0.160000,0.150000,0.160000,0.160000,1400
2019-01-04,0.150000,0.160000,0.120000,0.150000,0.150000,8200
2019-01-07,0.150000,0.150000,0.150000,0.150000,0.150000,500
2019-01-08,0.150000,0.150000,0.140000,0.150000,0.150000,28500
2019-01-09,0.150000,0.150000,0.150000,0.150000,0.150000,12500
2019-01-10,0.150000,0.150000,0.150000,0.150000,0.150000,500
2019-01-11,0.150000,0.150000,0.150000,0.150000,0.150000,1500
2019-01-14,0.150000,0.150000,0.150000,0.150000,0.150000,700
2019-01-15,0.150000,0.150000,0.150000,0.150000,0.150000,200
2019-01-16,0.150000,0.150000,0.120000,0.140000,0.140000,23100
2019-01-17,0.150000,0.150000,0.140000,0.140000,0.140000,1000
2019-01-18,0.150000,0.150000,0.140000,0.140000,0.140000,1100
2019-01-22,0.150000,0.150000,0.130000,0.140000,0.140000,11600
2019-01-23,0.150000,0.150000,0.140000,0.150000,0.150000,18000
2019-01-24,0.150000,0.150000,0.150000,0.150000,0.150000,300
2019-01-25,0.140000,0.150000,0.140000,0.150000,0.150000,26500
2019-01-28,0.140000,0.140000,0.140000,0.140000,0.140000,500
2019-01-29,0.150000,0.150000,0.150000,0.150000,0.150000,500
2019-01-30,0.150000,0.150000,0.150000,0.150000,0.150000,0
2019-01-31,0.160000,0.160000,0.140000,0.150000,0.150000,11000
2019-02-01,0.160000,0.160000,0.160000,0.160000,0.160000,500
2019-02-04,0.150000,0.150000,0.150000,0.150000,0.150000,100
2019-02-05,0.150000,0.150000,0.130000,0.140000,0.140000,26300
2019-02-06,0.150000,0.150000,0.150000,0.150000,0.150000,500
2019-02-07,0.140000,0.140000,0.130000,0.140000,0.140000,1700
2019-02-08,0.150000,0.150000,0.150000,0.150000,0.150000,500
2019-02-11,0.150000,0.150000,0.150000,0.150000,0.150000,500
2019-02-12,0.120000,0.150000,0.120000,0.150000,0.150000,4600
2019-02-13,0.150000,0.150000,0.150000,0.150000,0.150000,500
2019-02-14,0.150000,0.150000,0.140000,0.140000,0.140000,25500
2019-02-15,0.150000,0.150000,0.140000,0.140000,0.140000,1300
2019-02-19,0.120000,0.140000,0.080000,0.140000,0.140000,17500
2019-02-20,0.150000,0.150000,0.140000,0.140000,0.140000,4000
2019-02-21,0.150000,0.150000,0.140000,0.140000,0.140000,6500
2019-02-22,0.150000,0.150000,0.120000,0.140000,0.140000,19400
2019-02-25,0.150000,0.150000,0.120000,0.130000,0.130000,24400
2019-02-26,0.150000,0.150000,0.120000,0.130000,0.130000,38000
2019-02-27,0.150000,0.150000,0.150000,0.150000,0.150000,500
2019-02-28,0.140000,0.140000,0.140000,0.140000,0.140000,500
2019-03-01,0.140000,0.140000,0.120000,0.140000,0.140000,91900
2019-03-04,0.120000,0.140000,0.120000,0.140000,0.140000,57000
2019-03-05,0.140000,0.140000,0.140000,0.140000,0.140000,500
2019-03-06,0.140000,0.140000,0.140000,0.140000,0.140000,10700
2019-03-07,0.140000,0.140000,0.140000,0.140000,0.140000,600
2019-03-08,0.140000,0.140000,0.140000,0.140000,0.140000,500
2019-03-11,0.140000,0.140000,0.120000,0.140000,0.140000,3500
2019-03-12,0.150000,0.150000,0.120000,0.140000,0.140000,19000
2019-03-13,0.140000,0.140000,0.120000,0.140000,0.140000,4000
2019-03-14,0.150000,0.150000,0.150000,0.150000,0.150000,600
2019-03-15,0.140000,0.140000,0.120000,0.140000,0.140000,2400
2019-03-18,0.140000,0.140000,0.120000,0.140000,0.140000,4400
2019-03-19,0.150000,0.150000,0.150000,0.150000,0.150000,500
2019-03-20,0.140000,0.140000,0.140000,0.140000,0.140000,300
2019-03-21,0.150000,0.150000,0.150000,0.150000,0.150000,600
2019-03-22,0.150000,0.150000,0.150000,0.150000,0.150000,500
2019-03-25,0.150000,0.150000,0.150000,0.150000,0.150000,500
2019-03-26,0.150000,0.150000,0.150000,0.150000,0.150000,600
2019-03-27,0.130000,0.140000,0.120000,0.140000,0.140000,4700
2019-03-28,0.150000,0.150000,0.120000,0.140000,0.140000,2900
2019-03-29,0.150000,0.150000,0.150000,0.150000,0.150000,600
2019-04-01,0.150000,0.150000,0.140000,0.140000,0.140000,900
2019-04-02,0.150000,0.150000,0.150000,0.150000,0.150000,600
2019-04-03,0.150000,0.150000,0.150000,0.150000,0.150000,400
2019-04-04,0.150000,0.150000,0.150000,0.150000,0.150000,400
2019-04-05,0.140000,0.140000,0.140000,0.140000,0.140000,5000
2019-04-08,0.150000,0.150000,0.120000,0.120000,0.120000,11400
2019-04-09,0.130000,0.140000,0.130000,0.130000,0.130000,9000
2019-04-10,0.150000,0.150000,0.150000,0.150000,0.150000,500
2019-04-11,0.150000,0.150000,0.120000,0.140000,0.140000,93500
2019-04-12,0.150000,0.150000,0.150000,0.150000,0.150000,500
2019-04-15,0.150000,0.150000,0.140000,0.140000,0.140000,5500
2019-04-16,0.150000,0.150000,0.150000,0.150000,0.150000,500
2019-04-17,0.150000,0.150000,0.140000,0.150000,0.150000,3000
2019-04-18,0.150000,0.150000,0.150000,0.150000,0.150000,500
2019-04-22,0.150000,0.150000,0.150000,0.150000,0.150000,500
2019-04-23,0.150000,0.150000,0.150000,0.150000,0.150000,500
2019-04-24,0.150000,0.150000,0.140000,0.150000,0.150000,12300
2019-04-25,0.150000,0.150000,0.140000,0.150000,0.150000,1600
2019-04-26,0.150000,0.150000,0.140000,0.150000,0.150000,1100
2019-04-29,0.150000,0.150000,0.150000,0.150000,0.150000,500
2019-04-30,0.150000,0.150000,0.130000,0.150000,0.150000,7900
2019-05-01,0.150000,0.150000,0.150000,0.150000,0.150000,500
2019-05-02,0.150000,0.150000,0.140000,0.150000,0.150000,201100
2019-05-03,0.150000,0.150000,0.150000,0.150000,0.150000,1000
2019-05-06,0.140000,0.150000,0.130000,0.150000,0.150000,6100
2019-05-07,0.150000,0.150000,0.150000,0.150000,0.150000,500
2019-05-08,0.150000,0.150000,0.150000,0.150000,0.150000,500
2019-05-09,0.150000,0.150000,0.150000,0.150000,0.150000,600
2019-05-10,0.150000,0.150000,0.140000,0.150000,0.150000,182100
2019-05-13,0.150000,0.150000,0.150000,0.150000,0.150000,500
2019-05-14,0.140000,0.150000,0.140000,0.150000,0.150000,2400
2019-05-15,0.150000,0.150000,0.140000,0.150000,0.150000,2300
2019-05-16,0.150000,0.150000,0.130000,0.150000,0.150000,8100
2019-05-17,0.150000,0.150000,0.150000,0.150000,0.150000,600
2019-05-20,0.150000,0.150000,0.120000,0.150000,0.150000,11400
2019-05-21,0.150000,0.150000,0.140000,0.150000,0.150000,6600
2019-05-22,0.150000,0.150000,0.150000,0.150000,0.150000,600
2019-05-23,0.150000,0.150000,0.150000,0.150000,0.150000,700
2019-05-24,0.150000,0.150000,0.150000,0.150000,0.150000,600
2019-05-28,0.150000,0.150000,0.150000,0.150000,0.150000,600
2019-05-29,0.150000,0.150000,0.130000,0.150000,0.150000,1500
2019-05-30,0.150000,0.150000,0.120000,0.140000,0.140000,9800
2019-05-31,0.150000,0.150000,0.120000,0.140000,0.140000,2500
2019-06-03,0.150000,0.150000,0.150000,0.150000,0.150000,600
2019-06-04,0.150000,0.150000,0.150000,0.150000,0.150000,0
2019-06-05,0.150000,0.150000,0.140000,0.140000,0.140000,3100
2019-06-06,0.150000,0.160000,0.140000,0.160000,0.160000,127000
2019-06-07,0.160000,0.170000,0.160000,0.160000,0.160000,8100
2019-06-10,0.170000,0.180000,0.160000,0.180000,0.180000,38400
2019-06-11,0.170000,0.180000,0.160000,0.180000,0.180000,12200
2019-06-12,0.170000,0.180000,0.170000,0.180000,0.180000,159300
2019-06-13,0.160000,0.190000,0.160000,0.180000,0.180000,28100
2019-06-14,0.160000,0.170000,0.160000,0.170000,0.170000,41900
2019-06-17,0.170000,0.170000,0.170000,0.170000,0.170000,0
2019-06-18,0.150000,0.200000,0.150000,0.170000,0.170000,25600
2019-06-19,0.160000,0.170000,0.160000,0.170000,0.170000,2500
2019-06-20,0.160000,0.170000,0.160000,0.170000,0.170000,2500
2019-06-21,0.170000,0.170000,0.170000,0.170000,0.170000,1000
2019-06-24,0.160000,0.170000,0.160000,0.170000,0.170000,14700
2019-06-25,0.170000,0.170000,0.170000,0.170000,0.170000,12000
2019-06-26,0.170000,0.170000,0.170000,0.170000,0.170000,600
2019-06-27,0.170000,0.170000,0.170000,0.170000,0.170000,1200
2019-06-28,0.170000,0.170000,0.170000,0.170000,0.170000,1000
2019-07-01,0.170000,0.170000,0.170000,0.170000,0.170000,600
2019-07-02,0.170000,0.170000,0.150000,0.170000,0.170000,24000
2019-07-03,0.160000,0.170000,0.160000,0.170000,0.170000,6000
2019-07-05,0.170000,0.170000,0.150000,0.170000,0.170000,2700
2019-07-08,0.170000,0.170000,0.170000,0.170000,0.170000,600
2019-07-09,0.170000,0.170000,0.170000,0.170000,0.170000,600
2019-07-10,0.170000,0.170000,0.150000,0.170000,0.170000,13100
2019-07-11,0.170000,0.170000,0.160000,0.160000,0.160000,1200
2019-07-12,0.160000,0.160000,0.160000,0.160000,0.160000,1200
2019-07-15,0.160000,0.160000,0.160000,0.160000,0.160000,1000
2019-07-16,0.160000,0.170000,0.160000,0.170000,0.170000,78000
2019-07-17,0.160000,0.160000,0.140000,0.160000,0.160000,10700
2019-07-18,0.160000,0.160000,0.150000,0.160000,0.160000,5400
2019-07-19,0.160000,0.160000,0.160000,0.160000,0.160000,1000
2019-07-22,0.170000,0.170000,0.140000,0.160000,0.160000,47300
2019-07-23,0.160000,0.160000,0.160000,0.160000,0.160000,15000
2019-07-24,0.160000,0.160000,0.160000,0.160000,0.160000,2600
2019-07-25,0.160000,0.160000,0.160000,0.160000,0.160000,2000
2019-07-26,0.160000,0.160000,0.160000,0.160000,0.160000,5000
2019-07-29,0.160000,0.160000,0.160000,0.160000,0.160000,1000
2019-07-30,0.160000,0.160000,0.160000,0.160000,0.160000,800
2019-07-31,0.160000,0.160000,0.160000,0.160000,0.160000,1000
2019-08-01,0.160000,0.160000,0.160000,0.160000,0.160000,1000
2019-08-02,0.160000,0.160000,0.150000,0.160000,0.160000,15800
2019-08-05,0.160000,0.160000,0.160000,0.160000,0.160000,800
2019-08-06,0.160000,0.160000,0.160000,0.160000,0.160000,2500
2019-08-07,0.160000,0.160000,0.160000,0.160000,0.160000,10600
2019-08-08,0.150000,0.160000,0.150000,0.160000,0.160000,33000
2019-08-09,0.160000,0.160000,0.150000,0.160000,0.160000,2900
2019-08-12,0.140000,0.160000,0.140000,0.160000,0.160000,17300
2019-08-13,0.130000,0.160000,0.130000,0.160000,0.160000,3400
2019-08-14,0.140000,0.160000,0.140000,0.160000,0.160000,11800
2019-08-15,0.140000,0.150000,0.140000,0.150000,0.150000,50700
2019-08-16,0.150000,0.150000,0.150000,0.150000,0.150000,0
2019-08-19,0.150000,0.150000,0.150000,0.150000,0.150000,0
2019-08-20,0.140000,0.150000,0.140000,0.150000,0.150000,4400
2019-08-21,0.150000,0.150000,0.150000,0.150000,0.150000,600
2019-08-22,0.150000,0.150000,0.150000,0.150000,0.150000,100
2019-08-23,0.150000,0.150000,0.150000,0.150000,0.150000,100
2019-08-26,0.150000,0.150000,0.150000,0.150000,0.150000,800
2019-08-27,0.150000,0.150000,0.150000,0.150000,0.150000,0
2019-08-28,0.150000,0.150000,0.150000,0.150000,0.150000,500
2019-08-29,0.130000,0.140000,0.130000,0.140000,0.140000,20300
2019-08-30,0.140000,0.140000,0.140000,0.140000,0.140000,700
2019-09-03,0.150000,0.150000,0.140000,0.140000,0.140000,4500
2019-09-04,0.140000,0.140000,0.140000,0.140000,0.140000,1100
2019-09-05,0.140000,0.140000,0.140000,0.140000,0.140000,1000
2019-09-06,0.140000,0.150000,0.140000,0.140000,0.140000,62500
2019-09-09,0.140000,0.140000,0.140000,0.140000,0.140000,2000
2019-09-10,0.140000,0.150000,0.140000,0.150000,0.150000,2000
2019-09-11,0.150000,0.150000,0.130000,0.150000,0.150000,17700
2019-09-12,0.150000,0.180000,0.150000,0.160000,0.160000,126000
2019-09-13,0.160000,0.160000,0.130000,0.160000,0.160000,32400
2019-09-16,0.160000,0.160000,0.160000,0.160000,0.160000,3000
2019-09-17,0.160000,0.160000,0.130000,0.140000,0.140000,315500
2019-09-18,0.160000,0.160000,0.130000,0.140000,0.140000,407100
2019-09-19,0.140000,0.150000,0.140000,0.150000,0.150000,3900
2019-09-20,0.140000,0.140000,0.140000,0.140000,0.140000,156300
2019-09-23,0.140000,0.140000,0.140000,0.140000,0.140000,1200
2019-09-24,0.150000,0.150000,0.140000,0.150000,0.150000,43300
2019-09-25,0.150000,0.150000,0.150000,0.150000,0.150000,3700
2019-09-26,0.150000,0.150000,0.150000,0.150000,0.150000,1500
2019-09-27,0.150000,0.150000,0.130000,0.150000,0.150000,105900
2019-09-30,0.140000,0.150000,0.140000,0.150000,0.150000,2000
2019-10-01,0.150000,0.150000,0.150000,0.150000,0.150000,1600
2019-10-02,0.130000,0.150000,0.130000,0.150000,0.150000,7200
2019-10-03,0.150000,0.150000,0.150000,0.150000,0.150000,1000
2019-10-04,0.150000,0.150000,0.140000,0.150000,0.150000,7500
2019-10-07,0.150000,0.150000,0.120000,0.150000,0.150000,30000
2019-10-08,0.150000,0.150000,0.150000,0.150000,0.150000,0
2019-10-09,0.130000,0.140000,0.130000,0.140000,0.140000,1100
2019-10-10,0.130000,0.140000,0.130000,0.140000,0.140000,56000
2019-10-11,0.150000,0.150000,0.150000,0.150000,0.150000,1200
2019-10-14,0.150000,0.150000,0.150000,0.150000,0.150000,0
2019-10-15,0.140000,0.140000,0.140000,0.140000,0.140000,1300
2019-10-16,0.140000,0.140000,0.120000,0.140000,0.140000,37900
2019-10-17,0.140000,0.140000,0.140000,0.140000,0.140000,1300
2019-10-18,0.140000,0.150000,0.130000,0.140000,0.140000,367500
2019-10-21,0.140000,0.140000,0.140000,0.140000,0.140000,0
2019-10-22,0.150000,0.150000,0.150000,0.150000,0.150000,1400
2019-10-23,0.150000,0.150000,0.150000,0.150000,0.150000,1400
2019-10-24,0.150000,0.150000,0.150000,0.150000,0.150000,1400
2019-10-25,0.150000,0.150000,0.150000,0.150000,0.150000,1400
2019-10-28,0.150000,0.150000,0.150000,0.150000,0.150000,0
2019-10-29,0.150000,0.150000,0.150000,0.150000,0.150000,0
2019-10-30,0.150000,0.150000,0.150000,0.150000,0.150000,1200
2019-10-31,0.150000,0.150000,0.120000,0.150000,0.150000,19200
2019-11-01,0.150000,0.150000,0.150000,0.150000,0.150000,1000
2019-11-04,0.150000,0.150000,0.150000,0.150000,0.150000,1300
2019-11-05,0.150000,0.150000,0.150000,0.150000,0.150000,1200
2019-11-06,0.150000,0.150000,0.130000,0.150000,0.150000,2800
2019-11-07,0.130000,0.150000,0.130000,0.150000,0.150000,17400
2019-11-08,0.150000,0.160000,0.130000,0.160000,0.160000,58900
2019-11-11,0.160000,0.160000,0.130000,0.150000,0.150000,157600
2019-11-12,0.150000,0.150000,0.140000,0.150000,0.150000,28600
2019-11-13,0.150000,0.150000,0.140000,0.140000,0.140000,12700
2019-11-14,0.150000,0.150000,0.150000,0.150000,0.150000,1000
2019-11-15,0.130000,0.140000,0.130000,0.140000,0.140000,97400
2019-11-18,0.150000,0.150000,0.130000,0.150000,0.150000,74500
2019-11-19,0.150000,0.150000,0.140000,0.150000,0.150000,4500
2019-11-20,0.150000,0.150000,0.150000,0.150000,0.150000,2800
2019-11-21,0.150000,0.150000,0.150000,0.150000,0.150000,1300
2019-11-22,0.140000,0.140000,0.130000,0.140000,0.140000,285700
2019-11-25,0.140000,0.140000,0.130000,0.140000,0.140000,39400
2019-11-26,0.140000,0.140000,0.130000,0.140000,0.140000,40200
2019-11-27,0.140000,0.140000,0.120000,0.140000,0.140000,7100
2019-11-29,0.140000,0.140000,0.140000,0.140000,0.140000,3100
2019-12-02,0.150000,0.150000,0.120000,0.150000,0.150000,5200
2019-12-03,0.150000,0.150000,0.150000,0.150000,0.150000,1800
2019-12-04,0.150000,0.150000,0.150000,0.150000,0.150000,2300
2019-12-05,0.150000,0.150000,0.140000,0.150000,0.150000,46000
2019-12-06,0.150000,0.150000,0.120000,0.140000,0.140000,217200
2019-12-09,0.150000,0.170000,0.150000,0.170000,0.170000,9000
2019-12-10,0.170000,0.180000,0.140000,0.180000,0.180000,34200
2019-12-11,0.190000,0.200000,0.150000,0.190000,0.190000,34500
2019-12-12,0.200000,0.200000,0.180000,0.190000,0.190000,25200
2019-12-13,0.200000,0.200000,0.180000,0.200000,0.200000,47500
2019-12-16,0.190000,0.200000,0.190000,0.190000,0.190000,44600
2019-12-17,0.200000,0.200000,0.180000,0.200000,0.200000,38200
2019-12-18,0.200000,0.200000,0.170000,0.190000,0.190000,30000
2019-12-19,0.190000,0.200000,0.160000,0.180000,0.180000,163100
2019-12-20,0.180000,0.180000,0.170000,0.170000,0.170000,1300
2019-12-23,0.200000,0.200000,0.040000,0.180000,0.180000,28700
2019-12-24,0.180000,0.180000,0.170000,0.180000,0.180000,4600
2019-12-26,0.200000,0.200000,0.180000,0.200000,0.200000,10600
2019-12-27,0.180000,0.190000,0.050000,0.190000,0.190000,19100
2019-12-30,0.190000,0.190000,0.160000,0.190000,0.190000,2800
2019-12-31,0.190000,0.190000,0.170000,0.190000,0.190000,13500
2020-01-02,0.190000,0.210000,0.190000,0.210000,0.210000,70000
2020-01-03,0.210000,0.240000,0.200000,0.240000,0.240000,8500
2020-01-06,0.250000,0.250000,0.210000,0.250000,0.250000,10500
2020-01-07,0.230000,0.250000,0.200000,0.240000,0.240000,16900
2020-01-08,0.250000,0.250000,0.240000,0.240000,0.240000,7800
2020-01-09,0.220000,0.240000,0.220000,0.240000,0.240000,13500
2020-01-10,0.240000,0.250000,0.210000,0.250000,0.250000,18500
2020-01-13,0.220000,0.240000,0.220000,0.240000,0.240000,1500
2020-01-14,0.200000,0.240000,0.200000,0.240000,0.240000,16100
2020-01-15,0.260000,0.260000,0.250000,0.250000,0.250000,16000
2020-01-16,0.250000,0.250000,0.230000,0.240000,0.240000,18000
2020-01-17,0.240000,0.240000,0.230000,0.240000,0.240000,3100
2020-01-21,0.240000,0.240000,0.240000,0.240000,0.240000,1200
2020-01-22,0.230000,0.230000,0.200000,0.230000,0.230000,48000
2020-01-23,0.240000,0.240000,0.200000,0.230000,0.230000,48300
2020-01-24,0.220000,0.220000,0.210000,0.210000,0.210000,2900
2020-01-27,0.230000,0.230000,0.210000,0.230000,0.230000,18800
2020-01-28,0.210000,0.220000,0.200000,0.210000,0.210000,7600
2020-01-29,0.230000,0.230000,0.210000,0.220000,0.220000,9200
2020-01-30,0.220000,0.220000,0.210000,0.210000,0.210000,1300
2020-01-31,0.230000,0.230000,0.190000,0.220000,0.220000,16700
2020-02-03,0.210000,0.220000,0.210000,0.220000,0.220000,17300
2020-02-04,0.220000,0.220000,0.190000,0.220000,0.220000,33000
2020-02-05,0.220000,0.220000,0.210000,0.220000,0.220000,10000
2020-02-06,0.220000,0.220000,0.180000,0.220000,0.220000,13900
2020-02-07,0.220000,0.220000,0.220000,0.220000,0.220000,0
2020-02-10,0.220000,0.220000,0.190000,0.210000,0.210000,5200
2020-02-11,0.220000,0.220000,0.180000,0.210000,0.210000,8000
2020-02-12,0.220000,0.220000,0.210000,0.220000,0.220000,9200
2020-02-13,0.220000,0.220000,0.200000,0.210000,0.210000,8900
2020-02-14,0.210000,0.210000,0.210000,0.210000,0.210000,1200
2020-02-18,0.220000,0.220000,0.180000,0.210000,0.210000,51000
2020-02-19,0.210000,0.210000,0.210000,0.210000,0.210000,1200
2020-02-20,0.200000,0.200000,0.200000,0.200000,0.200000,2600
2020-02-21,0.190000,0.210000,0.170000,0.180000,0.180000,93600
2020-02-24,0.200000,0.200000,0.160000,0.190000,0.190000,84300
2020-02-25,0.190000,0.200000,0.190000,0.190000,0.190000,20100
2020-02-26,0.180000,0.190000,0.180000,0.190000,0.190000,2400
2020-02-27,0.180000,0.190000,0.170000,0.190000,0.190000,35400
2020-02-28,0.190000,0.190000,0.170000,0.190000,0.190000,48500
2020-03-02,0.190000,0.220000,0.180000,0.220000,0.220000,164500
2020-03-03,0.220000,0.220000,0.200000,0.220000,0.220000,51500
2020-03-04,0.220000,0.280000,0.220000,0.280000,0.280000,4100
2020-03-05,0.260000,0.280000,0.220000,0.250000,0.250000,17200
2020-03-06,0.250000,0.270000,0.230000,0.270000,0.270000,77000
2020-03-09,0.270000,0.270000,0.210000,0.250000,0.250000,11500
2020-03-10,0.280000,0.280000,0.210000,0.250000,0.250000,48200
2020-03-11,0.230000,0.250000,0.230000,0.250000,0.250000,4000
2020-03-12,0.240000,0.240000,0.190000,0.190000,0.190000,27100
2020-03-13,0.240000,0.240000,0.220000,0.230000,0.230000,22000
2020-03-16,0.270000,0.270000,0.270000,0.270000,0.270000,1400
2020-03-17,0.240000,0.270000,0.170000,0.170000,0.170000,18400
2020-03-18,0.230000,0.270000,0.190000,0.220000,0.220000,10200
2020-03-19,0.230000,0.230000,0.220000,0.230000,0.230000,11200
2020-03-20,0.250000,0.250000,0.210000,0.210000,0.210000,27700
2020-03-23,0.220000,0.220000,0.210000,0.210000,0.210000,9800
2020-03-24,0.220000,0.220000,0.210000,0.210000,0.210000,17600
2020-03-25,0.220000,0.250000,0.220000,0.240000,0.240000,75900
2020-03-26,0.250000,0.260000,0.240000,0.260000,0.260000,12800
2020-03-27,0.250000,0.270000,0.230000,0.230000,0.230000,54500
2020-03-30,0.250000,0.250000,0.210000,0.230000,0.230000,41300
2020-03-31,0.250000,0.250000,0.220000,0.240000,0.240000,33500
2020-04-01,0.230000,0.250000,0.220000,0.250000,0.250000,7600
2020-04-02,0.200000,0.250000,0.180000,0.250000,0.250000,61900
2020-04-03,0.220000,0.290000,0.200000,0.250000,0.250000,197600
2020-04-06,0.280000,0.280000,0.200000,0.230000,0.230000,258900
2020-04-07,0.250000,0.250000,0.210000,0.250000,0.250000,305100
2020-04-08,0.250000,0.250000,0.210000,0.250000,0.250000,297000
2020-04-09,0.230000,0.230000,0.210000,0.220000,0.220000,227800
2020-04-13,0.230000,0.230000,0.200000,0.200000,0.200000,138000
2020-04-14,0.220000,0.220000,0.200000,0.210000,0.210000,172700
2020-04-15,0.210000,0.210000,0.200000,0.210000,0.210000,7700
2020-04-16,0.210000,0.250000,0.210000,0.250000,0.250000,53700
2020-04-17,0.260000,0.260000,0.240000,0.250000,0.250000,57000
2020-04-20,0.250000,0.250000,0.220000,0.240000,0.240000,207800
2020-04-21,0.250000,0.250000,0.250000,0.250000,0.250000,3100
2020-04-22,0.260000,0.260000,0.250000,0.260000,0.260000,86000
2020-04-23,0.260000,0.260000,0.250000,0.250000,0.250000,166400
2020-04-24,0.250000,0.250000,0.240000,0.250000,0.250000,27300
2020-04-27,0.250000,0.260000,0.240000,0.250000,0.250000,43000
2020-04-28,0.250000,0.290000,0.250000,0.290000,0.290000,242500
2020-04-29,0.290000,0.290000,0.260000,0.290000,0.290000,89700
2020-04-30,0.300000,0.310000,0.280000,0.310000,0.310000,106800
2020-05-01,0.320000,0.360000,0.310000,0.360000,0.360000,758500
2020-05-04,0.380000,0.390000,0.380000,0.380000,0.380000,209300
2020-05-05,0.400000,0.400000,0.380000,0.400000,0.400000,35600
2020-05-06,0.430000,0.440000,0.390000,0.400000,0.400000,139400
2020-05-07,0.400000,0.430000,0.400000,0.430000,0.430000,162800
2020-05-08,0.440000,0.450000,0.430000,0.440000,0.440000,118100
2020-05-11,0.440000,0.450000,0.420000,0.420000,0.420000,104100
2020-05-12,0.450000,0.450000,0.410000,0.450000,0.450000,54600
2020-05-13,0.450000,0.450000,0.420000,0.440000,0.440000,39100
2020-05-14,0.400000,0.440000,0.400000,0.440000,0.440000,24400
2020-05-15,0.400000,0.450000,0.400000,0.430000,0.430000,51400
2020-05-18,0.450000,0.450000,0.400000,0.440000,0.440000,46800
2020-05-19,0.440000,0.450000,0.340000,0.420000,0.420000,635300
2020-05-20,0.440000,0.440000,0.430000,0.440000,0.440000,16700
2020-05-21,0.430000,0.440000,0.370000,0.430000,0.430000,87400
2020-05-22,0.440000,0.440000,0.380000,0.420000,0.420000,89300
2020-05-26,0.440000,0.440000,0.400000,0.400000,0.400000,155700
2020-05-27,0.410000,0.430000,0.390000,0.400000,0.400000,53000
2020-05-28,0.400000,0.420000,0.400000,0.420000,0.420000,56200
2020-05-29,0.430000,0.440000,0.400000,0.430000,0.430000,191100
2020-06-01,0.440000,0.440000,0.420000,0.430000,0.430000,67100
2020-06-02,0.450000,0.560000,0.450000,0.530000,0.530000,369200
2020-06-03,0.540000,0.670000,0.500000,0.670000,0.670000,533900
2020-06-04,0.700000,0.700000,0.570000,0.630000,0.630000,251900
2020-06-05,0.640000,0.650000,0.590000,0.600000,0.600000,180700
2020-06-08,0.610000,0.640000,0.540000,0.600000,0.600000,233500
2020-06-09,0.650000,0.650000,0.580000,0.620000,0.620000,134000
2020-06-10,1.710000,1.950000,0.960000,1.110000,1.110000,7882900
2020-06-11,1.170000,1.370000,1.000000,1.350000,1.350000,2323700
2020-06-12,1.490000,1.490000,1.290000,1.430000,1.430000,2033400
2020-06-15,1.450000,1.700000,1.430000,1.650000,1.650000,2196700
2020-06-16,1.720000,1.750000,1.280000,1.480000,1.480000,2558400
2020-06-17,1.470000,1.480000,1.320000,1.460000,1.460000,789600
2020-06-18,1.340000,1.460000,1.330000,1.380000,1.380000,847100
2020-06-19,1.410000,1.450000,1.250000,1.360000,1.360000,1111400
2020-06-22,1.440000,1.440000,1.350000,1.420000,1.420000,383400
2020-06-23,1.490000,1.490000,1.390000,1.430000,1.430000,483800
2020-06-24,1.450000,1.450000,1.400000,1.440000,1.440000,259600
2020-06-25,1.430000,1.440000,1.400000,1.430000,1.430000,178600
2020-06-26,1.440000,1.440000,1.380000,1.410000,1.410000,275800
2020-06-29,1.380000,1.420000,1.370000,1.390000,1.390000,303400
2020-06-30,1.390000,1.420000,1.360000,1.400000,1.400000,312600
2020-07-01,1.400000,1.440000,1.360000,1.430000,1.430000,124300
2020-07-02,1.450000,1.450000,1.360000,1.380000,1.380000,217400
2020-07-06,1.380000,1.380000,1.250000,1.310000,1.310000,733800
2020-07-07,1.210000,1.390000,1.050000,1.310000,1.310000,1060900
2020-07-08,1.310000,1.310000,1.250000,1.300000,1.300000,344700
2020-07-09,1.300000,1.300000,1.200000,1.270000,1.270000,321500
2020-07-10,1.240000,1.270000,1.240000,1.270000,1.270000,142100
2020-07-13,1.270000,1.290000,1.200000,1.260000,1.260000,275000
2020-07-14,1.260000,1.260000,1.160000,1.190000,1.190000,365600
2020-07-15,1.260000,1.260000,1.180000,1.220000,1.220000,213100
2020-07-16,1.220000,1.270000,1.200000,1.260000,1.260000,310100
2020-07-17,1.270000,1.270000,1.240000,1.250000,1.250000,70700
2020-07-20,1.180000,1.270000,1.180000,1.270000,1.270000,169300
2020-07-21,1.270000,1.310000,1.240000,1.250000,1.250000,248500
2020-07-22,1.260000,1.280000,1.220000,1.240000,1.240000,249400
2020-07-23,1.500000,1.500000,1.240000,1.380000,1.380000,2025200
2020-07-24,1.400000,1.410000,1.320000,1.360000,1.360000,346200
2020-07-27,1.370000,1.410000,1.320000,1.380000,1.380000,299000
2020-07-28,1.390000,1.400000,1.340000,1.350000,1.350000,138300
2020-07-29,1.360000,1.380000,1.320000,1.330000,1.330000,128100
2020-07-30,1.380000,1.380000,1.250000,1.310000,1.310000,207200
2020-07-31,1.300000,1.340000,1.260000,1.260000,1.260000,229000
2020-08-03,1.350000,1.380000,1.300000,1.330000,1.330000,113300
2020-08-04,1.300000,1.350000,1.290000,1.350000,1.350000,113100
2020-08-05,1.380000,1.390000,1.300000,1.390000,1.390000,516800
2020-08-06,1.390000,1.400000,1.320000,1.350000,1.350000,111500
2020-08-07,1.330000,1.390000,1.330000,1.390000,1.390000,119700
2020-08-10,1.410000,1.460000,1.360000,1.460000,1.460000,555700
2020-08-11,1.480000,1.500000,1.420000,1.500000,1.500000,694200
2020-08-12,1.500000,1.620000,1.490000,1.580000,1.580000,899500
2020-08-13,1.650000,1.700000,1.600000,1.680000,1.680000,779700
2020-08-14,1.750000,1.750000,1.650000,1.740000,1.740000,833900
2020-08-17,1.710000,1.830000,1.590000,1.800000,1.800000,689400
2020-08-18,1.900000,1.900000,1.750000,1.860000,1.860000,527000
2020-08-19,1.930000,1.950000,1.860000,1.940000,1.940000,404900
2020-08-20,1.940000,2.000000,1.840000,2.000000,2.000000,451700
2020-08-21,1.980000,2.010000,1.940000,1.980000,1.980000,398100
2020-08-24,2.000000,2.010000,1.970000,1.990000,1.990000,438800
2020-08-25,2.020000,2.120000,1.970000,2.000000,2.000000,463100
2020-08-26,2.040000,2.040000,1.910000,1.930000,1.930000,344900
2020-08-27,1.990000,2.010000,1.760000,1.870000,1.870000,554500
2020-08-28,1.890000,1.900000,1.550000,1.620000,1.620000,716300
2020-08-31,1.680000,1.700000,1.460000,1.580000,1.580000,998900
2020-09-01,1.610000,1.750000,1.500000,1.700000,1.700000,498500
2020-09-02,1.740000,1.850000,1.650000,1.770000,1.770000,143200
2020-09-03,1.850000,1.850000,1.730000,1.780000,1.780000,191300
2020-09-04,1.800000,1.850000,1.750000,1.810000,1.810000,245300
2020-09-08,1.860000,1.860000,1.760000,1.840000,1.840000,269800
2020-09-09,1.850000,1.860000,1.720000,1.750000,1.750000,147000
2020-09-10,1.840000,1.900000,1.720000,1.750000,1.750000,226500
2020-09-11,1.780000,1.800000,1.720000,1.770000,1.770000,244700
2020-09-14,1.780000,1.780000,1.720000,1.740000,1.740000,155100
2020-09-15,1.800000,1.800000,1.720000,1.730000,1.730000,298100
2020-09-16,1.740000,1.750000,1.700000,1.740000,1.740000,190500
2020-09-17,1.750000,1.750000,1.630000,1.680000,1.680000,277700
2020-09-18,1.720000,1.720000,1.650000,1.690000,1.690000,93600
2020-09-21,1.730000,1.730000,1.360000,1.540000,1.540000,636600
2020-09-22,1.550000,1.600000,1.520000,1.560000,1.560000,96700
2020-09-23,1.550000,1.600000,1.500000,1.560000,1.560000,172700
2020-09-24,1.550000,1.560000,1.500000,1.520000,1.520000,121200
2020-09-25,1.510000,1.670000,1.510000,1.600000,1.600000,199800
2020-09-28,1.620000,1.660000,1.520000,1.570000,1.570000,175800
2020-09-29,1.560000,1.670000,1.450000,1.560000,1.560000,240600
2020-09-30,1.580000,1.600000,1.530000,1.600000,1.600000,71500
2020-10-01,1.540000,1.600000,1.540000,1.580000,1.580000,136300
2020-10-02,1.520000,1.590000,1.510000,1.560000,1.560000,122900
2020-10-05,1.600000,1.600000,1.510000,1.560000,1.560000,67200
2020-10-06,1.560000,1.580000,1.510000,1.550000,1.550000,112200
2020-10-07,1.570000,1.580000,1.520000,1.560000,1.560000,138100
2020-10-08,1.650000,1.650000,1.570000,1.620000,1.620000,225300
2020-10-09,1.840000,1.840000,1.600000,1.620000,1.620000,142200
2020-10-12,1.660000,1.660000,1.600000,1.620000,1.620000,108600
2020-10-13,1.600000,1.650000,1.590000,1.650000,1.650000,184900
2020-10-14,1.710000,1.760000,1.610000,1.650000,1.650000,82400
2020-10-15,1.650000,1.670000,1.580000,1.630000,1.630000,164900
2020-10-16,1.650000,1.650000,1.560000,1.630000,1.630000,101400
2020-10-19,1.630000,1.650000,1.520000,1.540000,1.540000,195300
2020-10-20,1.540000,1.600000,1.500000,1.530000,1.530000,192300
2020-10-21,1.530000,1.550000,1.400000,1.500000,1.500000,289000
2020-10-22,1.520000,1.520000,1.410000,1.460000,1.460000,210600
2020-10-23,1.470000,1.500000,1.410000,1.490000,1.490000,147400
2020-10-26,1.490000,1.490000,1.400000,1.440000,1.440000,172400
2020-10-27,1.450000,1.450000,1.370000,1.440000,1.440000,155000
2020-10-28,1.490000,1.500000,1.420000,1.460000,1.460000,473300
2020-10-29,1.500000,1.550000,1.410000,1.500000,1.500000,160800
2020-10-30,1.500000,1.500000,1.400000,1.480000,1.480000,361900
2020-11-02,1.450000,1.540000,1.430000,1.470000,1.470000,115100
2020-11-03,1.500000,1.500000,1.410000,1.490000,1.490000,87600
2020-11-04,1.490000,1.500000,1.420000,1.480000,1.480000,223200
2020-11-05,1.480000,1.500000,1.400000,1.430000,1.430000,130300
2020-11-06,1.420000,1.460000,1.390000,1.450000,1.450000,187100
2020-11-09,1.380000,1.470000,1.380000,1.440000,1.440000,190500
2020-11-10,1.380000,1.450000,1.370000,1.410000,1.410000,161200
2020-11-11,1.450000,1.450000,1.350000,1.420000,1.420000,112200
2020-11-12,1.410000,1.420000,1.350000,1.410000,1.410000,224700
2020-11-13,1.430000,1.440000,1.370000,1.420000,1.420000,47800
2020-11-16,1.400000,1.450000,1.360000,1.400000,1.400000,125900
2020-11-17,1.390000,1.450000,1.390000,1.420000,1.420000,149600
2020-11-18,1.410000,1.440000,1.370000,1.440000,1.440000,125600
2020-11-19,1.350000,1.450000,1.350000,1.450000,1.450000,200700
2020-11-20,1.410000,1.450000,1.390000,1.440000,1.440000,109100
2020-11-23,1.390000,1.470000,1.390000,1.430000,1.430000,110600
2020-11-24,1.440000,1.440000,1.400000,1.430000,1.430000,197500
2020-11-25,1.400000,1.440000,1.390000,1.390000,1.390000,198800
2020-11-27,1.420000,1.430000,1.370000,1.420000,1.420000,83900
2020-11-30,1.390000,1.430000,1.370000,1.410000,1.410000,181800
2020-12-01,1.370000,1.420000,1.370000,1.400000,1.400000,161000
2020-12-02,1.410000,1.410000,1.330000,1.390000,1.390000,286500
2020-12-03,1.350000,1.400000,1.350000,1.390000,1.390000,123500
2020-12-04,1.450000,1.540000,1.400000,1.460000,1.460000,458300
2020-12-07,1.530000,1.690000,1.470000,1.620000,1.620000,376400
2020-12-08,1.750000,1.750000,1.630000,1.690000,1.690000,430200
2020-12-09,1.720000,1.720000,1.560000,1.600000,1.600000,445800
2020-12-10,1.650000,1.650000,1.560000,1.640000,1.640000,158300
2020-12-11,1.670000,1.670000,1.550000,1.590000,1.590000,224100
2020-12-14,1.610000,1.680000,1.590000,1.600000,1.600000,136500
2020-12-15,1.600000,1.610000,1.510000,1.610000,1.610000,194300
2020-12-16,1.640000,1.640000,1.560000,1.600000,1.600000,141200
2020-12-17,1.620000,1.640000,1.570000,1.610000,1.610000,113800
2020-12-18,1.610000,1.620000,1.550000,1.580000,1.580000,92000
2020-12-21,1.590000,1.590000,1.510000,1.540000,1.540000,163900
2020-12-22,1.560000,1.560000,1.440000,1.450000,1.450000,248800
2020-12-23,1.470000,1.500000,1.440000,1.500000,1.500000,140100
2020-12-24,1.500000,1.500000,1.440000,1.490000,1.490000,111000
2020-12-28,1.500000,1.500000,1.440000,1.490000,1.490000,256000
2020-12-29,1.490000,1.500000,1.470000,1.490000,1.490000,128900
2020-12-30,1.510000,1.510000,1.440000,1.490000,1.490000,121300
2020-12-31,1.500000,1.500000,1.400000,1.450000,1.450000,255400
2021-01-04,1.480000,1.500000,1.400000,1.460000,1.460000,287700
2021-01-05,1.440000,1.520000,1.400000,1.450000,1.450000,281100
2021-01-06,1.420000,1.500000,1.370000,1.430000,1.430000,545600
2021-01-07,1.480000,1.480000,1.410000,1.440000,1.440000,248100
2021-01-08,1.480000,1.480000,1.380000,1.400000,1.400000,501600
2021-01-11,1.470000,1.470000,1.360000,1.400000,1.400000,312400
2021-01-12,1.450000,1.450000,1.360000,1.400000,1.400000,137500
2021-01-13,1.480000,1.480000,1.370000,1.400000,1.400000,282900
2021-01-14,1.370000,1.420000,1.330000,1.410000,1.410000,281100
2021-01-15,1.400000,1.420000,1.370000,1.400000,1.400000,203000
2021-01-19,1.430000,1.450000,1.350000,1.390000,1.390000,142400
2021-01-20,1.480000,1.480000,1.370000,1.430000,1.430000,246400
2021-01-21,1.480000,1.480000,1.390000,1.400000,1.400000,180400
2021-01-22,1.400000,1.450000,1.380000,1.390000,1.390000,188400
2021-01-25,1.450000,1.450000,1.360000,1.390000,1.390000,198300
2021-01-26,1.380000,1.410000,1.370000,1.400000,1.400000,96100
2021-01-27,1.310000,1.410000,1.310000,1.370000,1.370000,589200
2021-01-28,1.380000,1.380000,1.320000,1.350000,1.350000,239800
2021-01-29,1.360000,1.380000,1.290000,1.360000,1.360000,157500
2021-02-01,1.330000,1.400000,1.300000,1.340000,1.340000,401200
2021-02-02,1.350000,1.410000,1.320000,1.390000,1.390000,203800
2021-02-03,1.400000,1.460000,1.380000,1.460000,1.460000,303000
2021-02-04,1.460000,1.470000,1.410000,1.470000,1.470000,196400
2021-02-05,1.500000,1.530000,1.420000,1.530000,1.530000,377000
2021-02-08,1.560000,1.650000,1.520000,1.620000,1.620000,762400
2021-02-09,1.630000,1.640000,1.610000,1.630000,1.630000,155100
2021-02-10,1.660000,1.660000,1.610000,1.630000,1.630000,251700
2021-02-11,1.630000,1.680000,1.630000,1.650000,1.650000,168100
2021-02-12,1.670000,1.670000,1.610000,1.660000,1.660000,262600
2021-02-16,1.660000,1.690000,1.550000,1.630000,1.630000,461900
2021-02-17,1.600000,1.680000,1.580000,1.640000,1.640000,246700
2021-02-18,1.600000,1.660000,1.560000,1.640000,1.640000,145600
2021-02-19,1.600000,1.650000,1.410000,1.500000,1.500000,770800
2021-02-22,1.470000,1.580000,1.360000,1.440000,1.440000,232300
2021-02-23,1.440000,1.460000,1.320000,1.440000,1.440000,188300
2021-02-24,1.440000,1.500000,1.420000,1.490000,1.490000,84000
2021-02-25,1.490000,1.500000,1.420000,1.450000,1.450000,147100
2021-02-26,1.480000,1.600000,1.370000,1.500000,1.500000,285800
2021-03-01,1.540000,1.540000,1.430000,1.480000,1.480000,97900
2021-03-02,1.470000,1.500000,1.460000,1.470000,1.470000,51800
2021-03-03,1.500000,1.500000,1.330000,1.420000,1.420000,587800
2021-03-04,1.560000,1.560000,1.320000,1.400000,1.400000,253400
2021-03-05,1.410000,1.470000,1.330000,1.370000,1.370000,197800
